order_id,date,sku,product_name,quantity,price,revenue,status,logistics_type
ORD-260301-24044,01.03.2026,201938475,Полотенце банное микрофибра,1,670,670,delivered,FBO
ORD-260301-51302,01.03.2026,201938475,Полотенце банное микрофибра,2,670,1340,delivered,FBO
ORD-260301-65089,01.03.2026,192837465,Подарочный набор полотенец,1,478,478,cancelled,FBO
ORD-260301-62200,01.03.2026,193847562,Килт-полотенце для женщин,1,753,753,delivered,FBS
ORD-260301-37973,01.03.2026,201938475,Полотенце банное микрофибра,2,670,1340,delivered,FBO
ORD-260301-29345,01.03.2026,184756392,Набор кремов для рук 5 шт,3,429,1287,delivered,FBS
ORD-260301-60422,01.03.2026,209384756,Махровые полотенца 2 шт,1,536,536,delivered,FBS
ORD-260301-48365,01.03.2026,193847562,Килт-полотенце для женщин,1,753,753,delivered,FBS
ORD-260301-97362,01.03.2026,184756392,Набор кремов для рук 5 шт,2,429,858,delivered,FBS
ORD-260301-69315,01.03.2026,209384756,Махровые полотенца 2 шт,2,536,1072,delivered,FBS
ORD-260301-17464,01.03.2026,209384756,Махровые полотенца 2 шт,1,536,536,cancelled,FBS
ORD-260301-79944,01.03.2026,198273645,Набор полотенец вафельные 12 шт,1,1013,1013,delivered,FBO
ORD-260301-20305,01.03.2026,201938475,Полотенце банное микрофибра,2,670,1340,delivered,FBO
ORD-260301-45573,01.03.2026,184756392,Набор кремов для рук 5 шт,3,429,1287,delivered,FBS
ORD-260301-63401,01.03.2026,209384756,Махровые полотенца 2 шт,1,536,536,delivered,FBS
ORD-260301-89422,01.03.2026,192837465,Подарочный набор полотенец,3,478,1434,delivered,FBO
ORD-260301-55040,01.03.2026,184756392,Набор кремов для рук 5 шт,2,429,858,cancelled,FBS
ORD-260301-35932,01.03.2026,193847562,Килт-полотенце для женщин,1,753,753,delivered,FBS
ORD-260301-53930,01.03.2026,201938475,Полотенце банное микрофибра,2,670,1340,cancelled,FBO
ORD-260301-96540,01.03.2026,209384756,Махровые полотенца 2 шт,1,536,536,delivered,FBS
ORD-260301-98083,01.03.2026,193847562,Килт-полотенце для женщин,2,753,1506,delivered,FBS
ORD-260301-43235,01.03.2026,184756392,Набор кремов для рук 5 шт,3,429,1287,delivered,FBS
ORD-260301-68585,01.03.2026,198273645,Набор полотенец вафельные 12 шт,2,1013,2026,delivered,FBO
ORD-260301-95889,01.03.2026,184920374,Ароматизатор в машину + полотенце,3,606,1818,delivered,FBO
ORD-260302-89655,02.03.2026,209384756,Махровые полотенца 2 шт,1,536,536,delivered,FBS
ORD-260302-73605,02.03.2026,184920374,Ароматизатор в машину + полотенце,3,606,1818,delivered,FBO
ORD-260302-68432,02.03.2026,184920374,Ароматизатор в машину + полотенце,2,606,1212,delivered,FBO
ORD-260302-56405,02.03.2026,193847562,Килт-полотенце для женщин,1,753,753,delivered,FBS
ORD-260302-24966,02.03.2026,184920374,Ароматизатор в машину + полотенце,2,606,1212,delivered,FBO
ORD-260302-62294,02.03.2026,198273645,Набор полотенец вафельные 12 шт,2,1013,2026,delivered,FBO
ORD-260302-88977,02.03.2026,193847562,Килт-полотенце для женщин,1,753,753,delivered,FBS
ORD-260303-39825,03.03.2026,184756392,Набор кремов для рук 5 шт,1,429,429,delivered,FBS
ORD-260303-98202,03.03.2026,184756392,Набор кремов для рук 5 шт,3,429,1287,delivered,FBS
ORD-260303-20929,03.03.2026,192837465,Подарочный набор полотенец,2,478,956,delivered,FBO
ORD-260303-44781,03.03.2026,184756392,Набор кремов для рук 5 шт,2,429,858,delivered,FBS
ORD-260303-84927,03.03.2026,198273645,Набор полотенец вафельные 12 шт,2,1013,2026,delivered,FBO
ORD-260303-14762,03.03.2026,198273645,Набор полотенец вафельные 12 шт,2,1013,2026,cancelled,FBO
ORD-260303-47114,03.03.2026,184920374,Ароматизатор в машину + полотенце,3,606,1818,delivered,FBO
ORD-260303-21241,03.03.2026,192837465,Подарочный набор полотенец,2,478,956,delivered,FBO
ORD-260303-20418,03.03.2026,193847562,Килт-полотенце для женщин,2,753,1506,cancelled,FBS
ORD-260303-94743,03.03.2026,201938475,Полотенце банное микрофибра,1,670,670,cancelled,FBO
ORD-260303-83942,03.03.2026,193847562,Килт-полотенце для женщин,3,753,2259,delivered,FBS
ORD-260303-12126,03.03.2026,193847562,Килт-полотенце для женщин,2,753,1506,delivered,FBS
ORD-260303-98276,03.03.2026,184920374,Ароматизатор в машину + полотенце,2,606,1212,awaiting_packaging,FBO
ORD-260303-31371,03.03.2026,193847562,Килт-полотенце для женщин,2,753,1506,delivered,FBS
ORD-260303-64172,03.03.2026,198273645,Набор полотенец вафельные 12 шт,3,1013,3039,delivered,FBO
ORD-260303-90743,03.03.2026,198273645,Набор полотенец вафельные 12 шт,2,1013,2026,delivered,FBO
ORD-260303-99954,03.03.2026,184756392,Набор кремов для рук 5 шт,1,429,429,delivered,FBS
ORD-260303-96548,03.03.2026,201938475,Полотенце банное микрофибра,2,670,1340,delivered,FBO
ORD-260304-98915,04.03.2026,184920374,Ароматизатор в машину + полотенце,3,606,1818,delivered,FBO
ORD-260304-29632,04.03.2026,184920374,Ароматизатор в машину + полотенце,2,606,1212,delivered,FBO
ORD-260304-54965,04.03.2026,184920374,Ароматизатор в машину + полотенце,2,606,1212,delivered,FBO
ORD-260304-51933,04.03.2026,192837465,Подарочный набор полотенец,1,478,478,delivered,FBO
ORD-260304-28079,04.03.2026,193847562,Килт-полотенце для женщин,3,753,2259,delivered,FBS
ORD-260304-58111,04.03.2026,193847562,Килт-полотенце для женщин,2,753,1506,delivered,FBS
ORD-260304-66712,04.03.2026,192837465,Подарочный набор полотенец,2,478,956,delivered,FBO
ORD-260305-49895,05.03.2026,209384756,Махровые полотенца 2 шт,1,536,536,cancelled,FBS
ORD-260305-81397,05.03.2026,192837465,Подарочный набор полотенец,1,478,478,delivered,FBO
ORD-260305-51050,05.03.2026,201938475,Полотенце банное микрофибра,1,670,670,delivered,FBO
ORD-260305-85002,05.03.2026,184756392,Набор кремов для рук 5 шт,3,429,1287,delivered,FBS
ORD-260305-21920,05.03.2026,198273645,Набор полотенец вафельные 12 шт,1,1013,1013,delivered,FBO
ORD-260305-25107,05.03.2026,184756392,Набор кремов для рук 5 шт,1,429,429,delivered,FBS
ORD-260305-20404,05.03.2026,198273645,Набор полотенец вафельные 12 шт,2,1013,2026,cancelled,FBO
ORD-260305-64454,05.03.2026,209384756,Махровые полотенца 2 шт,3,536,1608,delivered,FBS
ORD-260305-10441,05.03.2026,192837465,Подарочный набор полотенец,3,478,1434,delivered,FBO
ORD-260305-50547,05.03.2026,184920374,Ароматизатор в машину + полотенце,2,606,1212,delivered,FBO
ORD-260306-82770,06.03.2026,201938475,Полотенце банное микрофибра,1,670,670,cancelled,FBO
ORD-260306-97442,06.03.2026,184756392,Набор кремов для рук 5 шт,1,429,429,delivered,FBS
ORD-260306-97760,06.03.2026,198273645,Набор полотенец вафельные 12 шт,2,1013,2026,delivered,FBO
ORD-260306-57094,06.03.2026,209384756,Махровые полотенца 2 шт,3,536,1608,delivered,FBS
ORD-260306-62290,06.03.2026,193847562,Килт-полотенце для женщин,2,753,1506,delivered,FBS
ORD-260306-19703,06.03.2026,184756392,Набор кремов для рук 5 шт,2,429,858,cancelled,FBS
ORD-260306-27142,06.03.2026,209384756,Махровые полотенца 2 шт,2,536,1072,delivered,FBS
ORD-260306-62688,06.03.2026,201938475,Полотенце банное микрофибра,1,670,670,delivered,FBO
ORD-260306-87988,06.03.2026,184756392,Набор кремов для рук 5 шт,1,429,429,delivered,FBS
ORD-260306-13207,06.03.2026,201938475,Полотенце банное микрофибра,3,670,2010,delivered,FBO
ORD-260306-61718,06.03.2026,201938475,Полотенце банное микрофибра,2,670,1340,delivered,FBO
ORD-260306-37354,06.03.2026,198273645,Набор полотенец вафельные 12 шт,1,1013,1013,delivered,FBO
ORD-260307-19093,07.03.2026,192837465,Подарочный набор полотенец,2,478,956,delivered,FBO
ORD-260307-35980,07.03.2026,184920374,Ароматизатор в машину + полотенце,1,606,606,delivered,FBO
ORD-260307-66248,07.03.2026,193847562,Килт-полотенце для женщин,1,753,753,delivered,FBS
ORD-260307-45104,07.03.2026,193847562,Килт-полотенце для женщин,1,753,753,delivered,FBS
ORD-260307-92533,07.03.2026,193847562,Килт-полотенце для женщин,1,753,753,delivered,FBS
ORD-260307-21443,07.03.2026,209384756,Махровые полотенца 2 шт,2,536,1072,delivered,FBS
ORD-260307-74218,07.03.2026,184920374,Ароматизатор в машину + полотенце,2,606,1212,delivered,FBO
ORD-260307-41821,07.03.2026,193847562,Килт-полотенце для женщин,3,753,2259,cancelled,FBS
ORD-260307-42930,07.03.2026,201938475,Полотенце банное микрофибра,1,670,670,delivered,FBO
ORD-260307-44036,07.03.2026,198273645,Набор полотенец вафельные 12 шт,2,1013,2026,delivered,FBO
ORD-260307-80990,07.03.2026,184756392,Набор кремов для рук 5 шт,2,429,858,cancelled,FBS
ORD-260307-35094,07.03.2026,201938475,Полотенце банное микрофибра,2,670,1340,delivered,FBO
ORD-260307-35444,07.03.2026,192837465,Подарочный набор полотенец,2,478,956,cancelled,FBO
ORD-260307-32851,07.03.2026,209384756,Махровые полотенца 2 шт,3,536,1608,delivered,FBS
ORD-260307-97213,07.03.2026,184756392,Набор кремов для рук 5 шт,2,429,858,cancelled,FBS
ORD-260307-46851,07.03.2026,201938475,Полотенце банное микрофибра,3,670,2010,delivered,FBO
ORD-260307-65230,07.03.2026,201938475,Полотенце банное микрофибра,2,670,1340,delivered,FBO
ORD-260308-76229,08.03.2026,184920374,Ароматизатор в машину + полотенце,1,606,606,delivered,FBO
ORD-260308-34084,08.03.2026,209384756,Махровые полотенца 2 шт,1,536,536,delivered,FBS
ORD-260308-57664,08.03.2026,184756392,Набор кремов для рук 5 шт,2,429,858,delivered,FBS
ORD-260308-52019,08.03.2026,201938475,Полотенце банное микрофибра,1,670,670,delivered,FBO
ORD-260308-27975,08.03.2026,201938475,Полотенце банное микрофибра,3,670,2010,delivered,FBO
ORD-260309-23711,09.03.2026,184920374,Ароматизатор в машину + полотенце,1,606,606,delivered,FBO
ORD-260309-99496,09.03.2026,193847562,Килт-полотенце для женщин,3,753,2259,delivered,FBS
ORD-260309-40999,09.03.2026,209384756,Махровые полотенца 2 шт,1,536,536,delivered,FBS
ORD-260309-67718,09.03.2026,209384756,Махровые полотенца 2 шт,2,536,1072,delivered,FBS
ORD-260309-96074,09.03.2026,184756392,Набор кремов для рук 5 шт,1,429,429,delivered,FBS
ORD-260309-97060,09.03.2026,193847562,Килт-полотенце для женщин,1,753,753,delivered,FBS
ORD-260309-69009,09.03.2026,193847562,Килт-полотенце для женщин,1,753,753,awaiting_packaging,FBS
ORD-260309-24137,09.03.2026,192837465,Подарочный набор полотенец,2,478,956,delivered,FBO
ORD-260309-93118,09.03.2026,192837465,Подарочный набор полотенец,1,478,478,delivered,FBO
ORD-260309-68940,09.03.2026,184756392,Набор кремов для рук 5 шт,3,429,1287,awaiting_packaging,FBS
ORD-260309-47430,09.03.2026,192837465,Подарочный набор полотенец,3,478,1434,delivered,FBO
ORD-260309-23292,09.03.2026,193847562,Килт-полотенце для женщин,2,753,1506,delivered,FBS
ORD-260309-14502,09.03.2026,192837465,Подарочный набор полотенец,2,478,956,delivered,FBO
ORD-260309-77739,09.03.2026,193847562,Килт-полотенце для женщин,1,753,753,delivered,FBS
ORD-260309-69716,09.03.2026,192837465,Подарочный набор полотенец,2,478,956,cancelled,FBO
ORD-260309-73647,09.03.2026,193847562,Килт-полотенце для женщин,3,753,2259,delivered,FBS
ORD-260309-89879,09.03.2026,184920374,Ароматизатор в машину + полотенце,1,606,606,delivered,FBO
ORD-260309-31530,09.03.2026,209384756,Махровые полотенца 2 шт,2,536,1072,delivered,FBS
ORD-260309-58886,09.03.2026,192837465,Подарочный набор полотенец,1,478,478,delivered,FBO
ORD-260309-46877,09.03.2026,193847562,Килт-полотенце для женщин,3,753,2259,delivered,FBS
ORD-260309-44565,09.03.2026,209384756,Махровые полотенца 2 шт,3,536,1608,delivered,FBS
ORD-260310-42376,10.03.2026,193847562,Килт-полотенце для женщин,2,753,1506,delivered,FBS
ORD-260310-29629,10.03.2026,184920374,Ароматизатор в машину + полотенце,3,606,1818,delivered,FBO
ORD-260310-10798,10.03.2026,201938475,Полотенце банное микрофибра,2,670,1340,delivered,FBO
ORD-260310-18540,10.03.2026,198273645,Набор полотенец вафельные 12 шт,1,1013,1013,delivered,FBO
ORD-260310-82911,10.03.2026,193847562,Килт-полотенце для женщин,2,753,1506,awaiting_packaging,FBS
ORD-260310-86762,10.03.2026,192837465,Подарочный набор полотенец,1,478,478,awaiting_packaging,FBO
ORD-260310-21087,10.03.2026,198273645,Набор полотенец вафельные 12 шт,3,1013,3039,delivered,FBO
ORD-260310-90329,10.03.2026,209384756,Махровые полотенца 2 шт,1,536,536,delivered,FBS
ORD-260310-96231,10.03.2026,209384756,Махровые полотенца 2 шт,2,536,1072,delivered,FBS
ORD-260310-36616,10.03.2026,192837465,Подарочный набор полотенец,2,478,956,delivered,FBO
ORD-260310-40683,10.03.2026,184756392,Набор кремов для рук 5 шт,1,429,429,delivered,FBS
ORD-260310-55923,10.03.2026,184756392,Набор кремов для рук 5 шт,3,429,1287,delivered,FBS
ORD-260310-86535,10.03.2026,198273645,Набор полотенец вафельные 12 шт,3,1013,3039,delivered,FBO
ORD-260310-51702,10.03.2026,198273645,Набор полотенец вафельные 12 шт,3,1013,3039,delivered,FBO
ORD-260311-32955,11.03.2026,184756392,Набор кремов для рук 5 шт,2,429,858,delivered,FBS
ORD-260311-74112,11.03.2026,201938475,Полотенце банное микрофибра,1,670,670,delivered,FBO
ORD-260311-86261,11.03.2026,184756392,Набор кремов для рук 5 шт,1,429,429,delivered,FBS
ORD-260311-43685,11.03.2026,209384756,Махровые полотенца 2 шт,3,536,1608,delivered,FBS
ORD-260311-69220,11.03.2026,184756392,Набор кремов для рук 5 шт,1,429,429,delivered,FBS
ORD-260311-88227,11.03.2026,184920374,Ароматизатор в машину + полотенце,3,606,1818,delivered,FBO
ORD-260311-13294,11.03.2026,184920374,Ароматизатор в машину + полотенце,1,606,606,delivered,FBO
ORD-260311-99548,11.03.2026,201938475,Полотенце банное микрофибра,2,670,1340,delivered,FBO
ORD-260311-49182,11.03.2026,184756392,Набор кремов для рук 5 шт,3,429,1287,delivered,FBS
ORD-260311-60548,11.03.2026,198273645,Набор полотенец вафельные 12 шт,1,1013,1013,delivered,FBO
ORD-260311-41213,11.03.2026,193847562,Килт-полотенце для женщин,1,753,753,delivered,FBS
ORD-260311-33441,11.03.2026,192837465,Подарочный набор полотенец,3,478,1434,delivered,FBO
ORD-260311-75878,11.03.2026,209384756,Махровые полотенца 2 шт,1,536,536,delivered,FBS
ORD-260312-74685,12.03.2026,209384756,Махровые полотенца 2 шт,2,536,1072,delivered,FBS
ORD-260312-76395,12.03.2026,198273645,Набор полотенец вафельные 12 шт,2,1013,2026,delivered,FBO
ORD-260312-19615,12.03.2026,184920374,Ароматизатор в машину + полотенце,2,606,1212,delivered,FBO
ORD-260312-70766,12.03.2026,192837465,Подарочный набор полотенец,2,478,956,delivered,FBO
ORD-260312-18337,12.03.2026,184756392,Набор кремов для рук 5 шт,3,429,1287,delivered,FBS
ORD-260312-72599,12.03.2026,201938475,Полотенце банное микрофибра,3,670,2010,delivered,FBO
ORD-260312-54708,12.03.2026,198273645,Набор полотенец вафельные 12 шт,1,1013,1013,cancelled,FBO
ORD-260312-67187,12.03.2026,193847562,Килт-полотенце для женщин,3,753,2259,delivered,FBS
ORD-260312-24141,12.03.2026,198273645,Набор полотенец вафельные 12 шт,1,1013,1013,delivered,FBO
ORD-260312-71165,12.03.2026,198273645,Набор полотенец вафельные 12 шт,2,1013,2026,delivered,FBO
ORD-260312-76868,12.03.2026,201938475,Полотенце банное микрофибра,1,670,670,delivered,FBO
ORD-260312-84444,12.03.2026,193847562,Килт-полотенце для женщин,3,753,2259,delivered,FBS
ORD-260312-48038,12.03.2026,209384756,Махровые полотенца 2 шт,3,536,1608,delivered,FBS
ORD-260312-66962,12.03.2026,184920374,Ароматизатор в машину + полотенце,2,606,1212,delivered,FBO
ORD-260312-55663,12.03.2026,184920374,Ароматизатор в машину + полотенце,1,606,606,delivered,FBO
ORD-260312-85938,12.03.2026,184756392,Набор кремов для рук 5 шт,1,429,429,awaiting_packaging,FBS
ORD-260312-99080,12.03.2026,198273645,Набор полотенец вафельные 12 шт,2,1013,2026,delivered,FBO
ORD-260312-60402,12.03.2026,198273645,Набор полотенец вафельные 12 шт,1,1013,1013,awaiting_packaging,FBO
ORD-260313-16354,13.03.2026,209384756,Махровые полотенца 2 шт,1,536,536,delivered,FBS
ORD-260313-67268,13.03.2026,192837465,Подарочный набор полотенец,1,478,478,delivered,FBO
ORD-260313-31351,13.03.2026,184756392,Набор кремов для рук 5 шт,3,429,1287,delivered,FBS
ORD-260313-92255,13.03.2026,184756392,Набор кремов для рук 5 шт,3,429,1287,delivered,FBS
ORD-260313-87658,13.03.2026,192837465,Подарочный набор полотенец,1,478,478,delivered,FBO
ORD-260313-73414,13.03.2026,184756392,Набор кремов для рук 5 шт,1,429,429,delivered,FBS
ORD-260313-93477,13.03.2026,209384756,Махровые полотенца 2 шт,3,536,1608,delivered,FBS
ORD-260313-68309,13.03.2026,192837465,Подарочный набор полотенец,2,478,956,awaiting_packaging,FBO
ORD-260313-97277,13.03.2026,184756392,Набор кремов для рук 5 шт,1,429,429,delivered,FBS
ORD-260313-79326,13.03.2026,192837465,Подарочный набор полотенец,3,478,1434,delivered,FBO
ORD-260313-17492,13.03.2026,209384756,Махровые полотенца 2 шт,1,536,536,delivered,FBS
ORD-260313-67158,13.03.2026,192837465,Подарочный набор полотенец,2,478,956,delivered,FBO
ORD-260313-85969,13.03.2026,184920374,Ароматизатор в машину + полотенце,2,606,1212,cancelled,FBO
ORD-260313-71682,13.03.2026,184920374,Ароматизатор в машину + полотенце,1,606,606,delivered,FBO
ORD-260313-72350,13.03.2026,192837465,Подарочный набор полотенец,2,478,956,delivered,FBO
ORD-260313-46311,13.03.2026,201938475,Полотенце банное микрофибра,3,670,2010,delivered,FBO
ORD-260313-21382,13.03.2026,193847562,Килт-полотенце для женщин,3,753,2259,delivered,FBS
ORD-260314-86501,14.03.2026,198273645,Набор полотенец вафельные 12 шт,2,1013,2026,delivered,FBO
ORD-260314-14201,14.03.2026,192837465,Подарочный набор полотенец,3,478,1434,delivered,FBO
ORD-260314-98327,14.03.2026,198273645,Набор полотенец вафельные 12 шт,3,1013,3039,delivered,FBO
ORD-260314-27811,14.03.2026,184756392,Набор кремов для рук 5 шт,2,429,858,cancelled,FBS
ORD-260314-42451,14.03.2026,201938475,Полотенце банное микрофибра,3,670,2010,delivered,FBO
ORD-260314-97812,14.03.2026,209384756,Махровые полотенца 2 шт,1,536,536,delivered,FBS
ORD-260314-51162,14.03.2026,198273645,Набор полотенец вафельные 12 шт,2,1013,2026,delivered,FBO
ORD-260314-98091,14.03.2026,184756392,Набор кремов для рук 5 шт,2,429,858,delivered,FBS
ORD-260314-75654,14.03.2026,201938475,Полотенце банное микрофибра,3,670,2010,delivered,FBO
ORD-260314-93832,14.03.2026,193847562,Килт-полотенце для женщин,1,753,753,delivered,FBS
ORD-260314-79934,14.03.2026,198273645,Набор полотенец вафельные 12 шт,2,1013,2026,delivered,FBO
ORD-260314-47939,14.03.2026,198273645,Набор полотенец вафельные 12 шт,2,1013,2026,delivered,FBO
ORD-260314-63337,14.03.2026,192837465,Подарочный набор полотенец,1,478,478,cancelled,FBO
ORD-260315-69931,15.03.2026,209384756,Махровые полотенца 2 шт,2,536,1072,delivered,FBS
ORD-260315-58054,15.03.2026,209384756,Махровые полотенца 2 шт,1,536,536,cancelled,FBS
ORD-260315-22498,15.03.2026,184756392,Набор кремов для рук 5 шт,2,429,858,delivered,FBS
ORD-260315-85726,15.03.2026,201938475,Полотенце банное микрофибра,2,670,1340,delivered,FBO
ORD-260315-90781,15.03.2026,201938475,Полотенце банное микрофибра,1,670,670,delivered,FBO
ORD-260315-56545,15.03.2026,184756392,Набор кремов для рук 5 шт,3,429,1287,cancelled,FBS
ORD-260315-44534,15.03.2026,192837465,Подарочный набор полотенец,1,478,478,cancelled,FBO
ORD-260315-87852,15.03.2026,209384756,Махровые полотенца 2 шт,1,536,536,delivered,FBS
ORD-260315-16106,15.03.2026,201938475,Полотенце банное микрофибра,2,670,1340,delivered,FBO
ORD-260315-68069,15.03.2026,184920374,Ароматизатор в машину + полотенце,2,606,1212,awaiting_packaging,FBO
ORD-260315-79285,15.03.2026,198273645,Набор полотенец вафельные 12 шт,1,1013,1013,delivered,FBO
ORD-260315-75607,15.03.2026,198273645,Набор полотенец вафельные 12 шт,2,1013,2026,delivered,FBO
ORD-260315-85808,15.03.2026,184756392,Набор кремов для рук 5 шт,3,429,1287,delivered,FBS
ORD-260315-93519,15.03.2026,192837465,Подарочный набор полотенец,3,478,1434,delivered,FBO
ORD-260315-58149,15.03.2026,201938475,Полотенце банное микрофибра,3,670,2010,cancelled,FBO
ORD-260315-49585,15.03.2026,184756392,Набор кремов для рук 5 шт,1,429,429,delivered,FBS
ORD-260315-81986,15.03.2026,192837465,Подарочный набор полотенец,2,478,956,cancelled,FBO
ORD-260315-94781,15.03.2026,198273645,Набор полотенец вафельные 12 шт,1,1013,1013,delivered,FBO
ORD-260315-98102,15.03.2026,201938475,Полотенце банное микрофибра,1,670,670,delivered,FBO
ORD-260315-73222,15.03.2026,192837465,Подарочный набор полотенец,1,478,478,delivered,FBO
ORD-260315-35369,15.03.2026,201938475,Полотенце банное микрофибра,1,670,670,delivered,FBO
ORD-260315-92314,15.03.2026,184756392,Набор кремов для рук 5 шт,3,429,1287,awaiting_packaging,FBS
ORD-260315-36303,15.03.2026,198273645,Набор полотенец вафельные 12 шт,3,1013,3039,delivered,FBO
ORD-260315-22628,15.03.2026,184756392,Набор кремов для рук 5 шт,2,429,858,delivered,FBS
ORD-260316-43656,16.03.2026,198273645,Набор полотенец вафельные 12 шт,2,1013,2026,delivered,FBO
ORD-260316-68930,16.03.2026,201938475,Полотенце банное микрофибра,3,670,2010,awaiting_packaging,FBO
ORD-260316-69161,16.03.2026,184920374,Ароматизатор в машину + полотенце,3,606,1818,delivered,FBO
ORD-260316-56059,16.03.2026,192837465,Подарочный набор полотенец,2,478,956,cancelled,FBO
ORD-260316-49943,16.03.2026,184756392,Набор кремов для рук 5 шт,2,429,858,delivered,FBS
ORD-260316-60309,16.03.2026,192837465,Подарочный набор полотенец,1,478,478,delivered,FBO
ORD-260316-25123,16.03.2026,198273645,Набор полотенец вафельные 12 шт,2,1013,2026,cancelled,FBO
ORD-260316-41979,16.03.2026,209384756,Махровые полотенца 2 шт,2,536,1072,delivered,FBS
ORD-260316-76728,16.03.2026,201938475,Полотенце банное микрофибра,3,670,2010,cancelled,FBO
ORD-260316-89007,16.03.2026,184920374,Ароматизатор в машину + полотенце,3,606,1818,delivered,FBO
ORD-260316-61749,16.03.2026,209384756,Махровые полотенца 2 шт,3,536,1608,delivered,FBS
ORD-260316-27623,16.03.2026,209384756,Махровые полотенца 2 шт,1,536,536,delivered,FBS
ORD-260316-15242,16.03.2026,184756392,Набор кремов для рук 5 шт,3,429,1287,delivered,FBS
ORD-260316-55237,16.03.2026,184920374,Ароматизатор в машину + полотенце,3,606,1818,delivered,FBO
ORD-260317-30797,17.03.2026,209384756,Махровые полотенца 2 шт,2,536,1072,delivered,FBS
ORD-260317-93956,17.03.2026,201938475,Полотенце банное микрофибра,3,670,2010,delivered,FBO
ORD-260317-74982,17.03.2026,198273645,Набор полотенец вафельные 12 шт,1,1013,1013,awaiting_packaging,FBO
ORD-260317-58736,17.03.2026,209384756,Махровые полотенца 2 шт,1,536,536,delivered,FBS
ORD-260317-86200,17.03.2026,201938475,Полотенце банное микрофибра,3,670,2010,delivered,FBO
ORD-260317-81473,17.03.2026,201938475,Полотенце банное микрофибра,1,670,670,delivered,FBO
ORD-260317-21479,17.03.2026,198273645,Набор полотенец вафельные 12 шт,3,1013,3039,delivered,FBO
ORD-260317-39475,17.03.2026,192837465,Подарочный набор полотенец,3,478,1434,delivered,FBO
ORD-260317-47534,17.03.2026,209384756,Махровые полотенца 2 шт,2,536,1072,delivered,FBS
ORD-260317-82110,17.03.2026,184756392,Набор кремов для рук 5 шт,1,429,429,delivered,FBS
ORD-260317-37939,17.03.2026,198273645,Набор полотенец вафельные 12 шт,3,1013,3039,delivered,FBO
ORD-260317-70332,17.03.2026,193847562,Килт-полотенце для женщин,3,753,2259,awaiting_packaging,FBS
ORD-260317-14025,17.03.2026,184756392,Набор кремов для рук 5 шт,2,429,858,delivered,FBS
ORD-260317-56400,17.03.2026,184920374,Ароматизатор в машину + полотенце,2,606,1212,delivered,FBO
ORD-260317-95880,17.03.2026,184920374,Ароматизатор в машину + полотенце,3,606,1818,delivered,FBO
ORD-260317-58334,17.03.2026,198273645,Набор полотенец вафельные 12 шт,1,1013,1013,delivered,FBO
ORD-260317-80932,17.03.2026,201938475,Полотенце банное микрофибра,3,670,2010,delivered,FBO
ORD-260317-90908,17.03.2026,184756392,Набор кремов для рук 5 шт,3,429,1287,delivered,FBS
ORD-260317-18319,17.03.2026,184756392,Набор кремов для рук 5 шт,1,429,429,delivered,FBS
ORD-260317-88683,17.03.2026,193847562,Килт-полотенце для женщин,3,753,2259,delivered,FBS
ORD-260317-81008,17.03.2026,184920374,Ароматизатор в машину + полотенце,3,606,1818,delivered,FBO
ORD-260318-48503,18.03.2026,209384756,Махровые полотенца 2 шт,3,536,1608,delivered,FBS
ORD-260318-89920,18.03.2026,198273645,Набор полотенец вафельные 12 шт,2,1013,2026,delivered,FBO
ORD-260318-11037,18.03.2026,184920374,Ароматизатор в машину + полотенце,3,606,1818,delivered,FBO
ORD-260318-81551,18.03.2026,201938475,Полотенце банное микрофибра,2,670,1340,delivered,FBO
ORD-260318-63198,18.03.2026,184920374,Ароматизатор в машину + полотенце,2,606,1212,delivered,FBO
ORD-260318-66355,18.03.2026,198273645,Набор полотенец вафельные 12 шт,3,1013,3039,delivered,FBO
ORD-260318-90623,18.03.2026,192837465,Подарочный набор полотенец,2,478,956,delivered,FBO
ORD-260318-54638,18.03.2026,198273645,Набор полотенец вафельные 12 шт,3,1013,3039,delivered,FBO
ORD-260318-43661,18.03.2026,193847562,Килт-полотенце для женщин,3,753,2259,delivered,FBS
ORD-260318-29397,18.03.2026,184756392,Набор кремов для рук 5 шт,3,429,1287,delivered,FBS
ORD-260318-77836,18.03.2026,198273645,Набор полотенец вафельные 12 шт,3,1013,3039,delivered,FBO
ORD-260318-21016,18.03.2026,184920374,Ароматизатор в машину + полотенце,3,606,1818,delivered,FBO
ORD-260318-92921,18.03.2026,193847562,Килт-полотенце для женщин,2,753,1506,delivered,FBS
ORD-260318-15840,18.03.2026,201938475,Полотенце банное микрофибра,3,670,2010,delivered,FBO
ORD-260318-14992,18.03.2026,184920374,Ароматизатор в машину + полотенце,1,606,606,delivered,FBO
ORD-260318-39650,18.03.2026,198273645,Набор полотенец вафельные 12 шт,1,1013,1013,delivered,FBO
ORD-260318-27174,18.03.2026,184756392,Набор кремов для рук 5 шт,1,429,429,delivered,FBS
ORD-260318-61595,18.03.2026,184920374,Ароматизатор в машину + полотенце,1,606,606,delivered,FBO
ORD-260318-90120,18.03.2026,198273645,Набор полотенец вафельные 12 шт,1,1013,1013,delivered,FBO
ORD-260318-10499,18.03.2026,192837465,Подарочный набор полотенец,2,478,956,delivered,FBO
ORD-260318-62965,18.03.2026,192837465,Подарочный набор полотенец,2,478,956,delivered,FBO
ORD-260319-68646,19.03.2026,201938475,Полотенце банное микрофибра,2,670,1340,delivered,FBO
ORD-260319-70757,19.03.2026,209384756,Махровые полотенца 2 шт,2,536,1072,delivered,FBS
ORD-260319-68513,19.03.2026,201938475,Полотенце банное микрофибра,2,670,1340,delivered,FBO
ORD-260319-56356,19.03.2026,209384756,Махровые полотенца 2 шт,3,536,1608,delivered,FBS
ORD-260319-69141,19.03.2026,201938475,Полотенце банное микрофибра,1,670,670,delivered,FBO
ORD-260319-30540,19.03.2026,198273645,Набор полотенец вафельные 12 шт,1,1013,1013,delivered,FBO
ORD-260319-77466,19.03.2026,201938475,Полотенце банное микрофибра,2,670,1340,delivered,FBO
ORD-260319-27194,19.03.2026,193847562,Килт-полотенце для женщин,2,753,1506,awaiting_packaging,FBS
ORD-260320-64171,20.03.2026,184920374,Ароматизатор в машину + полотенце,2,606,1212,delivered,FBO
ORD-260320-40329,20.03.2026,193847562,Килт-полотенце для женщин,1,753,753,delivered,FBS
ORD-260320-70269,20.03.2026,192837465,Подарочный набор полотенец,1,478,478,delivered,FBO
ORD-260320-47421,20.03.2026,198273645,Набор полотенец вафельные 12 шт,1,1013,1013,cancelled,FBO
ORD-260320-17879,20.03.2026,193847562,Килт-полотенце для женщин,1,753,753,delivered,FBS
ORD-260320-71725,20.03.2026,193847562,Килт-полотенце для женщин,3,753,2259,delivered,FBS
ORD-260320-21810,20.03.2026,198273645,Набор полотенец вафельные 12 шт,2,1013,2026,delivered,FBO
ORD-260320-13341,20.03.2026,209384756,Махровые полотенца 2 шт,2,536,1072,delivered,FBS
ORD-260320-78717,20.03.2026,193847562,Килт-полотенце для женщин,1,753,753,awaiting_packaging,FBS
ORD-260320-64439,20.03.2026,193847562,Килт-полотенце для женщин,3,753,2259,cancelled,FBS
ORD-260320-77961,20.03.2026,209384756,Махровые полотенца 2 шт,2,536,1072,delivered,FBS
ORD-260320-98222,20.03.2026,201938475,Полотенце банное микрофибра,3,670,2010,delivered,FBO
ORD-260320-64073,20.03.2026,198273645,Набор полотенец вафельные 12 шт,2,1013,2026,delivered,FBO
ORD-260320-67383,20.03.2026,201938475,Полотенце банное микрофибра,1,670,670,delivered,FBO
ORD-260320-17062,20.03.2026,192837465,Подарочный набор полотенец,3,478,1434,delivered,FBO
ORD-260320-47265,20.03.2026,184920374,Ароматизатор в машину + полотенце,1,606,606,delivered,FBO
ORD-260320-32624,20.03.2026,198273645,Набор полотенец вафельные 12 шт,1,1013,1013,cancelled,FBO
ORD-260320-67731,20.03.2026,193847562,Килт-полотенце для женщин,1,753,753,delivered,FBS
ORD-260320-25419,20.03.2026,184920374,Ароматизатор в машину + полотенце,1,606,606,delivered,FBO
ORD-260320-17219,20.03.2026,192837465,Подарочный набор полотенец,1,478,478,delivered,FBO
ORD-260320-32255,20.03.2026,201938475,Полотенце банное микрофибра,2,670,1340,cancelled,FBO
ORD-260320-85610,20.03.2026,201938475,Полотенце банное микрофибра,3,670,2010,delivered,FBO
ORD-260320-91730,20.03.2026,209384756,Махровые полотенца 2 шт,2,536,1072,delivered,FBS
ORD-260321-47228,21.03.2026,209384756,Махровые полотенца 2 шт,3,536,1608,awaiting_packaging,FBS
ORD-260321-99118,21.03.2026,184756392,Набор кремов для рук 5 шт,2,429,858,delivered,FBS
ORD-260321-40073,21.03.2026,184756392,Набор кремов для рук 5 шт,2,429,858,cancelled,FBS
ORD-260321-25722,21.03.2026,198273645,Набор полотенец вафельные 12 шт,3,1013,3039,delivered,FBO
ORD-260321-19531,21.03.2026,192837465,Подарочный набор полотенец,1,478,478,delivered,FBO
ORD-260321-31284,21.03.2026,209384756,Махровые полотенца 2 шт,3,536,1608,delivered,FBS
ORD-260321-90181,21.03.2026,209384756,Махровые полотенца 2 шт,3,536,1608,delivered,FBS
ORD-260321-90200,21.03.2026,201938475,Полотенце банное микрофибра,1,670,670,cancelled,FBO
ORD-260321-70879,21.03.2026,201938475,Полотенце банное микрофибра,1,670,670,delivered,FBO
ORD-260321-12321,21.03.2026,192837465,Подарочный набор полотенец,3,478,1434,delivered,FBO
ORD-260321-42555,21.03.2026,209384756,Махровые полотенца 2 шт,1,536,536,delivered,FBS
ORD-260321-54648,21.03.2026,192837465,Подарочный набор полотенец,2,478,956,delivered,FBO
ORD-260321-59681,21.03.2026,209384756,Махровые полотенца 2 шт,1,536,536,cancelled,FBS
ORD-260321-60853,21.03.2026,184756392,Набор кремов для рук 5 шт,3,429,1287,awaiting_packaging,FBS
ORD-260322-77687,22.03.2026,184920374,Ароматизатор в машину + полотенце,2,606,1212,delivered,FBO
ORD-260322-73779,22.03.2026,201938475,Полотенце банное микрофибра,1,670,670,delivered,FBO
ORD-260322-62660,22.03.2026,198273645,Набор полотенец вафельные 12 шт,3,1013,3039,delivered,FBO
ORD-260322-86595,22.03.2026,198273645,Набор полотенец вафельные 12 шт,2,1013,2026,delivered,FBO
ORD-260322-56407,22.03.2026,192837465,Подарочный набор полотенец,1,478,478,delivered,FBO
ORD-260322-19314,22.03.2026,184756392,Набор кремов для рук 5 шт,3,429,1287,delivered,FBS
ORD-260322-75324,22.03.2026,198273645,Набор полотенец вафельные 12 шт,2,1013,2026,delivered,FBO
ORD-260322-56720,22.03.2026,184920374,Ароматизатор в машину + полотенце,1,606,606,delivered,FBO
ORD-260322-23195,22.03.2026,184920374,Ароматизатор в машину + полотенце,2,606,1212,delivered,FBO
ORD-260322-10794,22.03.2026,209384756,Махровые полотенца 2 шт,2,536,1072,cancelled,FBS
ORD-260323-63727,23.03.2026,184920374,Ароматизатор в машину + полотенце,1,606,606,delivered,FBO
ORD-260323-84200,23.03.2026,192837465,Подарочный набор полотенец,2,478,956,cancelled,FBO
ORD-260323-50658,23.03.2026,184756392,Набор кремов для рук 5 шт,1,429,429,delivered,FBS
ORD-260323-44761,23.03.2026,193847562,Килт-полотенце для женщин,1,753,753,delivered,FBS
ORD-260323-10403,23.03.2026,201938475,Полотенце банное микрофибра,3,670,2010,delivered,FBO
ORD-260323-92662,23.03.2026,209384756,Махровые полотенца 2 шт,3,536,1608,delivered,FBS
ORD-260323-92540,23.03.2026,193847562,Килт-полотенце для женщин,2,753,1506,awaiting_packaging,FBS
ORD-260323-13283,23.03.2026,184920374,Ароматизатор в машину + полотенце,1,606,606,delivered,FBO
ORD-260323-67486,23.03.2026,184756392,Набор кремов для рук 5 шт,1,429,429,cancelled,FBS
ORD-260323-70785,23.03.2026,198273645,Набор полотенец вафельные 12 шт,1,1013,1013,delivered,FBO
ORD-260323-71961,23.03.2026,209384756,Махровые полотенца 2 шт,1,536,536,cancelled,FBS
ORD-260323-52209,23.03.2026,184756392,Набор кремов для рук 5 шт,2,429,858,delivered,FBS
ORD-260323-12983,23.03.2026,201938475,Полотенце банное микрофибра,1,670,670,delivered,FBO
ORD-260323-89244,23.03.2026,184756392,Набор кремов для рук 5 шт,1,429,429,delivered,FBS
ORD-260323-32227,23.03.2026,192837465,Подарочный набор полотенец,2,478,956,delivered,FBO
ORD-260324-83135,24.03.2026,198273645,Набор полотенец вафельные 12 шт,3,1013,3039,delivered,FBO
ORD-260324-89677,24.03.2026,184920374,Ароматизатор в машину + полотенце,1,606,606,delivered,FBO
ORD-260324-57798,24.03.2026,192837465,Подарочный набор полотенец,1,478,478,delivered,FBO
ORD-260324-12990,24.03.2026,198273645,Набор полотенец вафельные 12 шт,3,1013,3039,delivered,FBO
ORD-260324-75808,24.03.2026,201938475,Полотенце банное микрофибра,1,670,670,delivered,FBO
ORD-260324-51266,24.03.2026,201938475,Полотенце банное микрофибра,3,670,2010,delivered,FBO
ORD-260324-46832,24.03.2026,184920374,Ароматизатор в машину + полотенце,3,606,1818,cancelled,FBO
ORD-260324-30486,24.03.2026,209384756,Махровые полотенца 2 шт,1,536,536,delivered,FBS
ORD-260324-53341,24.03.2026,184756392,Набор кремов для рук 5 шт,2,429,858,delivered,FBS
ORD-260324-82109,24.03.2026,209384756,Махровые полотенца 2 шт,3,536,1608,delivered,FBS
ORD-260324-15652,24.03.2026,198273645,Набор полотенец вафельные 12 шт,1,1013,1013,delivered,FBO
ORD-260324-22912,24.03.2026,201938475,Полотенце банное микрофибра,1,670,670,delivered,FBO
ORD-260324-78852,24.03.2026,198273645,Набор полотенец вафельные 12 шт,1,1013,1013,delivered,FBO
ORD-260324-26467,24.03.2026,184920374,Ароматизатор в машину + полотенце,2,606,1212,delivered,FBO
ORD-260324-52891,24.03.2026,184756392,Набор кремов для рук 5 шт,2,429,858,delivered,FBS
ORD-260324-70985,24.03.2026,209384756,Махровые полотенца 2 шт,3,536,1608,delivered,FBS
ORD-260324-88103,24.03.2026,209384756,Махровые полотенца 2 шт,1,536,536,delivered,FBS
ORD-260324-56804,24.03.2026,192837465,Подарочный набор полотенец,3,478,1434,awaiting_packaging,FBO
ORD-260324-62284,24.03.2026,209384756,Махровые полотенца 2 шт,3,536,1608,delivered,FBS
ORD-260324-38562,24.03.2026,209384756,Махровые полотенца 2 шт,3,536,1608,delivered,FBS
ORD-260324-71846,24.03.2026,184920374,Ароматизатор в машину + полотенце,3,606,1818,delivered,FBO
ORD-260324-59264,24.03.2026,201938475,Полотенце банное микрофибра,2,670,1340,delivered,FBO
ORD-260324-54689,24.03.2026,184756392,Набор кремов для рук 5 шт,2,429,858,delivered,FBS
ORD-260324-96085,24.03.2026,209384756,Махровые полотенца 2 шт,1,536,536,cancelled,FBS
ORD-260324-64565,24.03.2026,209384756,Махровые полотенца 2 шт,2,536,1072,delivered,FBS
ORD-260325-18389,25.03.2026,201938475,Полотенце банное микрофибра,1,670,670,delivered,FBO
ORD-260325-68044,25.03.2026,192837465,Подарочный набор полотенец,2,478,956,delivered,FBO
ORD-260325-87999,25.03.2026,184756392,Набор кремов для рук 5 шт,1,429,429,cancelled,FBS
ORD-260325-28718,25.03.2026,209384756,Махровые полотенца 2 шт,3,536,1608,cancelled,FBS
ORD-260325-38070,25.03.2026,192837465,Подарочный набор полотенец,1,478,478,delivered,FBO
ORD-260325-78419,25.03.2026,209384756,Махровые полотенца 2 шт,3,536,1608,cancelled,FBS
ORD-260325-30629,25.03.2026,198273645,Набор полотенец вафельные 12 шт,1,1013,1013,delivered,FBO
ORD-260325-68635,25.03.2026,201938475,Полотенце банное микрофибра,2,670,1340,delivered,FBO
ORD-260325-49691,25.03.2026,184756392,Набор кремов для рук 5 шт,2,429,858,delivered,FBS
ORD-260325-94858,25.03.2026,209384756,Махровые полотенца 2 шт,2,536,1072,delivered,FBS
ORD-260325-81176,25.03.2026,198273645,Набор полотенец вафельные 12 шт,2,1013,2026,delivered,FBO
ORD-260325-65574,25.03.2026,193847562,Килт-полотенце для женщин,3,753,2259,delivered,FBS
ORD-260325-46558,25.03.2026,192837465,Подарочный набор полотенец,3,478,1434,delivered,FBO
ORD-260326-28865,26.03.2026,198273645,Набор полотенец вафельные 12 шт,1,1013,1013,cancelled,FBO
ORD-260326-93533,26.03.2026,193847562,Килт-полотенце для женщин,3,753,2259,cancelled,FBS
ORD-260326-95337,26.03.2026,192837465,Подарочный набор полотенец,2,478,956,delivered,FBO
ORD-260326-54401,26.03.2026,198273645,Набор полотенец вафельные 12 шт,1,1013,1013,delivered,FBO
ORD-260326-92517,26.03.2026,198273645,Набор полотенец вафельные 12 шт,1,1013,1013,delivered,FBO
ORD-260326-17826,26.03.2026,209384756,Махровые полотенца 2 шт,3,536,1608,delivered,FBS
ORD-260326-39834,26.03.2026,209384756,Махровые полотенца 2 шт,2,536,1072,cancelled,FBS
ORD-260326-74413,26.03.2026,201938475,Полотенце банное микрофибра,1,670,670,delivered,FBO
ORD-260326-83618,26.03.2026,198273645,Набор полотенец вафельные 12 шт,3,1013,3039,delivered,FBO
ORD-260326-37486,26.03.2026,201938475,Полотенце банное микрофибра,2,670,1340,delivered,FBO
ORD-260326-33618,26.03.2026,209384756,Махровые полотенца 2 шт,2,536,1072,delivered,FBS
ORD-260326-76504,26.03.2026,192837465,Подарочный набор полотенец,2,478,956,delivered,FBO
ORD-260326-55139,26.03.2026,209384756,Махровые полотенца 2 шт,2,536,1072,delivered,FBS
ORD-260326-17044,26.03.2026,193847562,Килт-полотенце для женщин,2,753,1506,delivered,FBS
ORD-260326-63140,26.03.2026,209384756,Махровые полотенца 2 шт,3,536,1608,delivered,FBS
ORD-260326-18273,26.03.2026,184756392,Набор кремов для рук 5 шт,3,429,1287,cancelled,FBS
ORD-260326-35782,26.03.2026,193847562,Килт-полотенце для женщин,2,753,1506,cancelled,FBS
ORD-260326-21388,26.03.2026,184920374,Ароматизатор в машину + полотенце,3,606,1818,delivered,FBO
ORD-260326-26214,26.03.2026,184756392,Набор кремов для рук 5 шт,2,429,858,delivered,FBS
ORD-260326-29372,26.03.2026,209384756,Махровые полотенца 2 шт,1,536,536,delivered,FBS
ORD-260326-66938,26.03.2026,201938475,Полотенце банное микрофибра,1,670,670,delivered,FBO
ORD-260326-45460,26.03.2026,184920374,Ароматизатор в машину + полотенце,3,606,1818,delivered,FBO
ORD-260326-62753,26.03.2026,193847562,Килт-полотенце для женщин,3,753,2259,delivered,FBS
ORD-260326-20531,26.03.2026,209384756,Махровые полотенца 2 шт,3,536,1608,delivered,FBS
ORD-260326-95795,26.03.2026,209384756,Махровые полотенца 2 шт,2,536,1072,awaiting_packaging,FBS
ORD-260327-59143,27.03.2026,209384756,Махровые полотенца 2 шт,1,536,536,cancelled,FBS
ORD-260327-25662,27.03.2026,209384756,Махровые полотенца 2 шт,2,536,1072,delivered,FBS
ORD-260327-31073,27.03.2026,184756392,Набор кремов для рук 5 шт,3,429,1287,delivered,FBS
ORD-260327-87171,27.03.2026,193847562,Килт-полотенце для женщин,2,753,1506,delivered,FBS
ORD-260327-56941,27.03.2026,198273645,Набор полотенец вафельные 12 шт,3,1013,3039,cancelled,FBO
ORD-260327-71281,27.03.2026,201938475,Полотенце банное микрофибра,1,670,670,delivered,FBO
ORD-260327-38679,27.03.2026,209384756,Махровые полотенца 2 шт,2,536,1072,delivered,FBS
ORD-260327-58209,27.03.2026,193847562,Килт-полотенце для женщин,2,753,1506,cancelled,FBS
ORD-260327-66427,27.03.2026,198273645,Набор полотенец вафельные 12 шт,3,1013,3039,delivered,FBO
ORD-260327-43134,27.03.2026,209384756,Махровые полотенца 2 шт,1,536,536,delivered,FBS
ORD-260328-45296,28.03.2026,184756392,Набор кремов для рук 5 шт,3,429,1287,delivered,FBS
ORD-260328-22613,28.03.2026,209384756,Махровые полотенца 2 шт,2,536,1072,delivered,FBS
ORD-260328-39179,28.03.2026,192837465,Подарочный набор полотенец,2,478,956,cancelled,FBO
ORD-260328-43060,28.03.2026,184756392,Набор кремов для рук 5 шт,2,429,858,delivered,FBS
ORD-260328-66382,28.03.2026,184756392,Набор кремов для рук 5 шт,1,429,429,cancelled,FBS
ORD-260328-87038,28.03.2026,184920374,Ароматизатор в машину + полотенце,2,606,1212,delivered,FBO
ORD-260328-52682,28.03.2026,184920374,Ароматизатор в машину + полотенце,3,606,1818,delivered,FBO
ORD-260328-93563,28.03.2026,184920374,Ароматизатор в машину + полотенце,3,606,1818,delivered,FBO
ORD-260328-39430,28.03.2026,184920374,Ароматизатор в машину + полотенце,1,606,606,delivered,FBO
ORD-260328-81032,28.03.2026,201938475,Полотенце банное микрофибра,3,670,2010,delivered,FBO
ORD-260328-11057,28.03.2026,184920374,Ароматизатор в машину + полотенце,2,606,1212,delivered,FBO
ORD-260328-13859,28.03.2026,198273645,Набор полотенец вафельные 12 шт,1,1013,1013,delivered,FBO
ORD-260328-77915,28.03.2026,201938475,Полотенце банное микрофибра,2,670,1340,delivered,FBO
ORD-260328-62788,28.03.2026,209384756,Махровые полотенца 2 шт,1,536,536,delivered,FBS
ORD-260328-13218,28.03.2026,184756392,Набор кремов для рук 5 шт,3,429,1287,cancelled,FBS
ORD-260328-71693,28.03.2026,184920374,Ароматизатор в машину + полотенце,1,606,606,delivered,FBO
ORD-260328-40118,28.03.2026,193847562,Килт-полотенце для женщин,3,753,2259,delivered,FBS
ORD-260328-42206,28.03.2026,198273645,Набор полотенец вафельные 12 шт,3,1013,3039,delivered,FBO
ORD-260329-27838,29.03.2026,193847562,Килт-полотенце для женщин,3,753,2259,delivered,FBS
ORD-260329-93535,29.03.2026,209384756,Махровые полотенца 2 шт,2,536,1072,cancelled,FBS
ORD-260329-52747,29.03.2026,192837465,Подарочный набор полотенец,1,478,478,delivered,FBO
ORD-260329-67514,29.03.2026,184920374,Ароматизатор в машину + полотенце,2,606,1212,delivered,FBO
ORD-260329-25661,29.03.2026,198273645,Набор полотенец вафельные 12 шт,3,1013,3039,delivered,FBO
ORD-260329-46470,29.03.2026,192837465,Подарочный набор полотенец,2,478,956,delivered,FBO
ORD-260329-16307,29.03.2026,193847562,Килт-полотенце для женщин,1,753,753,delivered,FBS
ORD-260329-98730,29.03.2026,192837465,Подарочный набор полотенец,3,478,1434,delivered,FBO
ORD-260330-42572,30.03.2026,193847562,Килт-полотенце для женщин,3,753,2259,delivered,FBS
ORD-260330-22925,30.03.2026,192837465,Подарочный набор полотенец,2,478,956,delivered,FBO
ORD-260330-76911,30.03.2026,198273645,Набор полотенец вафельные 12 шт,3,1013,3039,delivered,FBO
ORD-260330-28562,30.03.2026,209384756,Махровые полотенца 2 шт,1,536,536,delivered,FBS
ORD-260330-63459,30.03.2026,198273645,Набор полотенец вафельные 12 шт,1,1013,1013,awaiting_packaging,FBO
ORD-260330-86315,30.03.2026,184756392,Набор кремов для рук 5 шт,2,429,858,delivered,FBS
ORD-260330-60626,30.03.2026,184756392,Набор кремов для рук 5 шт,1,429,429,delivered,FBS
ORD-260330-37441,30.03.2026,184920374,Ароматизатор в машину + полотенце,2,606,1212,delivered,FBO
ORD-260330-37608,30.03.2026,192837465,Подарочный набор полотенец,2,478,956,delivered,FBO
ORD-260330-50827,30.03.2026,193847562,Килт-полотенце для женщин,2,753,1506,delivered,FBS
ORD-260330-10690,30.03.2026,193847562,Килт-полотенце для женщин,2,753,1506,delivered,FBS
ORD-260330-21456,30.03.2026,193847562,Килт-полотенце для женщин,1,753,753,delivered,FBS
ORD-260330-61270,30.03.2026,193847562,Килт-полотенце для женщин,2,753,1506,cancelled,FBS
ORD-260330-35593,30.03.2026,198273645,Набор полотенец вафельные 12 шт,3,1013,3039,delivered,FBO
ORD-260330-88585,30.03.2026,192837465,Подарочный набор полотенец,3,478,1434,cancelled,FBO
ORD-260330-16484,30.03.2026,184920374,Ароматизатор в машину + полотенце,1,606,606,delivered,FBO
ORD-260330-64777,30.03.2026,184756392,Набор кремов для рук 5 шт,1,429,429,delivered,FBS
ORD-260330-47471,30.03.2026,193847562,Килт-полотенце для женщин,3,753,2259,delivered,FBS
ORD-260330-58122,30.03.2026,184756392,Набор кремов для рук 5 шт,1,429,429,delivered,FBS
ORD-260330-77526,30.03.2026,209384756,Махровые полотенца 2 шт,1,536,536,delivered,FBS
ORD-260330-38161,30.03.2026,184920374,Ароматизатор в машину + полотенце,1,606,606,delivered,FBO
ORD-260330-19119,30.03.2026,201938475,Полотенце банное микрофибра,2,670,1340,delivered,FBO
ORD-260330-96703,30.03.2026,193847562,Килт-полотенце для женщин,1,753,753,cancelled,FBS
ORD-260330-82621,30.03.2026,193847562,Килт-полотенце для женщин,2,753,1506,delivered,FBS
ORD-260331-45723,31.03.2026,201938475,Полотенце банное микрофибра,3,670,2010,delivered,FBO
ORD-260331-70591,31.03.2026,184756392,Набор кремов для рук 5 шт,1,429,429,delivered,FBS
ORD-260331-42722,31.03.2026,184920374,Ароматизатор в машину + полотенце,1,606,606,delivered,FBO
ORD-260331-20937,31.03.2026,201938475,Полотенце банное микрофибра,2,670,1340,awaiting_packaging,FBO
ORD-260331-61325,31.03.2026,198273645,Набор полотенец вафельные 12 шт,2,1013,2026,delivered,FBO
ORD-260331-18965,31.03.2026,184920374,Ароматизатор в машину + полотенце,3,606,1818,delivered,FBO
ORD-260331-74288,31.03.2026,184920374,Ароматизатор в машину + полотенце,1,606,606,cancelled,FBO
ORD-260331-29114,31.03.2026,198273645,Набор полотенец вафельные 12 шт,2,1013,2026,awaiting_packaging,FBO
ORD-260331-24613,31.03.2026,201938475,Полотенце банное микрофибра,1,670,670,delivered,FBO
ORD-260331-17845,31.03.2026,201938475,Полотенце банное микрофибра,1,670,670,awaiting_packaging,FBO
ORD-260331-50384,31.03.2026,184920374,Ароматизатор в машину + полотенце,1,606,606,delivered,FBO
ORD-260331-96828,31.03.2026,193847562,Килт-полотенце для женщин,2,753,1506,delivered,FBS
ORD-260331-98538,31.03.2026,201938475,Полотенце банное микрофибра,1,670,670,delivered,FBO
ORD-260331-92906,31.03.2026,201938475,Полотенце банное микрофибра,1,670,670,delivered,FBO
ORD-260331-20069,31.03.2026,184920374,Ароматизатор в машину + полотенце,3,606,1818,delivered,FBO
ORD-260331-11040,31.03.2026,184756392,Набор кремов для рук 5 шт,3,429,1287,delivered,FBS
ORD-260331-31660,31.03.2026,193847562,Килт-полотенце для женщин,1,753,753,delivered,FBS
ORD-260401-27479,01.04.2026,192837465,Подарочный набор полотенец,1,478,478,delivered,FBO
ORD-260401-63228,01.04.2026,184756392,Набор кремов для рук 5 шт,2,429,858,cancelled,FBS
ORD-260401-21448,01.04.2026,184756392,Набор кремов для рук 5 шт,3,429,1287,delivered,FBS
ORD-260401-32969,01.04.2026,193847562,Килт-полотенце для женщин,1,753,753,delivered,FBS
ORD-260401-50102,01.04.2026,201938475,Полотенце банное микрофибра,2,670,1340,delivered,FBO
ORD-260401-18741,01.04.2026,198273645,Набор полотенец вафельные 12 шт,1,1013,1013,awaiting_packaging,FBO
ORD-260402-81809,02.04.2026,198273645,Набор полотенец вафельные 12 шт,1,1013,1013,delivered,FBO
ORD-260402-56725,02.04.2026,198273645,Набор полотенец вафельные 12 шт,3,1013,3039,delivered,FBO
ORD-260402-69534,02.04.2026,184920374,Ароматизатор в машину + полотенце,3,606,1818,delivered,FBO
ORD-260402-58012,02.04.2026,184756392,Набор кремов для рук 5 шт,1,429,429,delivered,FBS
ORD-260402-20699,02.04.2026,184756392,Набор кремов для рук 5 шт,3,429,1287,delivered,FBS
ORD-260402-18862,02.04.2026,193847562,Килт-полотенце для женщин,2,753,1506,cancelled,FBS
ORD-260402-52873,02.04.2026,201938475,Полотенце банное микрофибра,2,670,1340,delivered,FBO
ORD-260402-81179,02.04.2026,192837465,Подарочный набор полотенец,1,478,478,delivered,FBO
ORD-260402-84500,02.04.2026,184756392,Набор кремов для рук 5 шт,2,429,858,delivered,FBS
ORD-260402-28219,02.04.2026,209384756,Махровые полотенца 2 шт,1,536,536,delivered,FBS
ORD-260402-85152,02.04.2026,184920374,Ароматизатор в машину + полотенце,1,606,606,awaiting_packaging,FBO
ORD-260402-88434,02.04.2026,192837465,Подарочный набор полотенец,2,478,956,delivered,FBO
ORD-260402-45083,02.04.2026,209384756,Махровые полотенца 2 шт,3,536,1608,delivered,FBS
ORD-260402-82747,02.04.2026,209384756,Махровые полотенца 2 шт,3,536,1608,delivered,FBS
ORD-260402-57796,02.04.2026,198273645,Набор полотенец вафельные 12 шт,1,1013,1013,delivered,FBO
ORD-260402-47077,02.04.2026,201938475,Полотенце банное микрофибра,3,670,2010,delivered,FBO
ORD-260402-76999,02.04.2026,201938475,Полотенце банное микрофибра,1,670,670,cancelled,FBO
ORD-260402-69850,02.04.2026,201938475,Полотенце банное микрофибра,1,670,670,delivered,FBO
ORD-260402-99925,02.04.2026,184756392,Набор кремов для рук 5 шт,3,429,1287,delivered,FBS
ORD-260403-61745,03.04.2026,184920374,Ароматизатор в машину + полотенце,1,606,606,cancelled,FBO
ORD-260403-25682,03.04.2026,184756392,Набор кремов для рук 5 шт,1,429,429,delivered,FBS
ORD-260403-43404,03.04.2026,193847562,Килт-полотенце для женщин,2,753,1506,delivered,FBS
ORD-260403-40407,03.04.2026,201938475,Полотенце банное микрофибра,3,670,2010,delivered,FBO
ORD-260403-14824,03.04.2026,209384756,Махровые полотенца 2 шт,1,536,536,delivered,FBS
ORD-260403-48503,03.04.2026,209384756,Махровые полотенца 2 шт,3,536,1608,cancelled,FBS
ORD-260403-14591,03.04.2026,198273645,Набор полотенец вафельные 12 шт,2,1013,2026,delivered,FBO
ORD-260403-58764,03.04.2026,184920374,Ароматизатор в машину + полотенце,2,606,1212,delivered,FBO
ORD-260403-93098,03.04.2026,201938475,Полотенце банное микрофибра,1,670,670,delivered,FBO
ORD-260403-53817,03.04.2026,209384756,Махровые полотенца 2 шт,3,536,1608,delivered,FBS
ORD-260403-42921,03.04.2026,192837465,Подарочный набор полотенец,2,478,956,cancelled,FBO
ORD-260403-95822,03.04.2026,198273645,Набор полотенец вафельные 12 шт,3,1013,3039,delivered,FBO
ORD-260403-42853,03.04.2026,184756392,Набор кремов для рук 5 шт,1,429,429,delivered,FBS
ORD-260403-21997,03.04.2026,209384756,Махровые полотенца 2 шт,2,536,1072,delivered,FBS
ORD-260403-27307,03.04.2026,192837465,Подарочный набор полотенец,3,478,1434,delivered,FBO
ORD-260403-34872,03.04.2026,193847562,Килт-полотенце для женщин,1,753,753,cancelled,FBS
ORD-260403-21829,03.04.2026,201938475,Полотенце банное микрофибра,3,670,2010,delivered,FBO
ORD-260403-69548,03.04.2026,184756392,Набор кремов для рук 5 шт,2,429,858,delivered,FBS
ORD-260403-71075,03.04.2026,184920374,Ароматизатор в машину + полотенце,1,606,606,delivered,FBO
ORD-260404-83740,04.04.2026,184920374,Ароматизатор в машину + полотенце,2,606,1212,delivered,FBO
ORD-260404-58034,04.04.2026,184756392,Набор кремов для рук 5 шт,3,429,1287,delivered,FBS
ORD-260404-27816,04.04.2026,193847562,Килт-полотенце для женщин,3,753,2259,delivered,FBS
ORD-260404-43066,04.04.2026,193847562,Килт-полотенце для женщин,1,753,753,delivered,FBS
ORD-260404-52308,04.04.2026,198273645,Набор полотенец вафельные 12 шт,3,1013,3039,delivered,FBO
ORD-260404-30635,04.04.2026,201938475,Полотенце банное микрофибра,1,670,670,delivered,FBO
ORD-260404-78483,04.04.2026,184920374,Ароматизатор в машину + полотенце,2,606,1212,delivered,FBO
ORD-260404-91937,04.04.2026,184920374,Ароматизатор в машину + полотенце,1,606,606,delivered,FBO
ORD-260404-14809,04.04.2026,209384756,Махровые полотенца 2 шт,2,536,1072,delivered,FBS
ORD-260404-40379,04.04.2026,192837465,Подарочный набор полотенец,3,478,1434,delivered,FBO
ORD-260404-46899,04.04.2026,184756392,Набор кремов для рук 5 шт,2,429,858,delivered,FBS
ORD-260405-86977,05.04.2026,184920374,Ароматизатор в машину + полотенце,3,606,1818,delivered,FBO
ORD-260405-23976,05.04.2026,209384756,Махровые полотенца 2 шт,3,536,1608,cancelled,FBS
ORD-260405-35189,05.04.2026,184920374,Ароматизатор в машину + полотенце,1,606,606,delivered,FBO
ORD-260405-63915,05.04.2026,209384756,Махровые полотенца 2 шт,3,536,1608,delivered,FBS
ORD-260405-34290,05.04.2026,193847562,Килт-полотенце для женщин,1,753,753,delivered,FBS
ORD-260405-91205,05.04.2026,198273645,Набор полотенец вафельные 12 шт,3,1013,3039,delivered,FBO
ORD-260405-23053,05.04.2026,198273645,Набор полотенец вафельные 12 шт,1,1013,1013,delivered,FBO
ORD-260405-31078,05.04.2026,184756392,Набор кремов для рук 5 шт,3,429,1287,awaiting_packaging,FBS
ORD-260405-22095,05.04.2026,184920374,Ароматизатор в машину + полотенце,1,606,606,delivered,FBO
ORD-260405-17879,05.04.2026,209384756,Махровые полотенца 2 шт,1,536,536,delivered,FBS
ORD-260405-51276,05.04.2026,193847562,Килт-полотенце для женщин,1,753,753,cancelled,FBS
ORD-260406-14910,06.04.2026,198273645,Набор полотенец вафельные 12 шт,2,1013,2026,delivered,FBO
ORD-260406-75690,06.04.2026,198273645,Набор полотенец вафельные 12 шт,3,1013,3039,delivered,FBO
ORD-260406-77481,06.04.2026,184756392,Набор кремов для рук 5 шт,3,429,1287,delivered,FBS
ORD-260406-96911,06.04.2026,184920374,Ароматизатор в машину + полотенце,3,606,1818,delivered,FBO
ORD-260406-11584,06.04.2026,198273645,Набор полотенец вафельные 12 шт,3,1013,3039,delivered,FBO
ORD-260406-81046,06.04.2026,193847562,Килт-полотенце для женщин,3,753,2259,delivered,FBS
ORD-260406-70187,06.04.2026,192837465,Подарочный набор полотенец,1,478,478,delivered,FBO
ORD-260406-25202,06.04.2026,193847562,Килт-полотенце для женщин,2,753,1506,delivered,FBS
ORD-260406-99551,06.04.2026,192837465,Подарочный набор полотенец,2,478,956,delivered,FBO
ORD-260406-34644,06.04.2026,184756392,Набор кремов для рук 5 шт,2,429,858,delivered,FBS
ORD-260406-57636,06.04.2026,184756392,Набор кремов для рук 5 шт,1,429,429,delivered,FBS
ORD-260406-53450,06.04.2026,198273645,Набор полотенец вафельные 12 шт,1,1013,1013,delivered,FBO
ORD-260406-78502,06.04.2026,192837465,Подарочный набор полотенец,2,478,956,delivered,FBO
ORD-260406-21271,06.04.2026,193847562,Килт-полотенце для женщин,3,753,2259,delivered,FBS
ORD-260406-80182,06.04.2026,201938475,Полотенце банное микрофибра,3,670,2010,delivered,FBO
ORD-260406-56682,06.04.2026,209384756,Махровые полотенца 2 шт,3,536,1608,delivered,FBS
ORD-260406-63958,06.04.2026,193847562,Килт-полотенце для женщин,3,753,2259,awaiting_packaging,FBS
ORD-260406-42751,06.04.2026,209384756,Махровые полотенца 2 шт,2,536,1072,delivered,FBS
ORD-260406-71433,06.04.2026,198273645,Набор полотенец вафельные 12 шт,1,1013,1013,delivered,FBO
ORD-260406-91762,06.04.2026,184920374,Ароматизатор в машину + полотенце,2,606,1212,delivered,FBO
ORD-260406-43427,06.04.2026,201938475,Полотенце банное микрофибра,1,670,670,cancelled,FBO
ORD-260406-56328,06.04.2026,193847562,Килт-полотенце для женщин,3,753,2259,cancelled,FBS
ORD-260406-67789,06.04.2026,193847562,Килт-полотенце для женщин,3,753,2259,delivered,FBS
ORD-260406-20550,06.04.2026,193847562,Килт-полотенце для женщин,1,753,753,cancelled,FBS
ORD-260406-26796,06.04.2026,193847562,Килт-полотенце для женщин,1,753,753,awaiting_packaging,FBS
ORD-260407-65499,07.04.2026,184920374,Ароматизатор в машину + полотенце,2,606,1212,delivered,FBO
ORD-260407-39481,07.04.2026,198273645,Набор полотенец вафельные 12 шт,2,1013,2026,delivered,FBO
ORD-260407-26272,07.04.2026,193847562,Килт-полотенце для женщин,3,753,2259,delivered,FBS
ORD-260407-60292,07.04.2026,184920374,Ароматизатор в машину + полотенце,3,606,1818,delivered,FBO
ORD-260407-26756,07.04.2026,201938475,Полотенце банное микрофибра,2,670,1340,delivered,FBO
ORD-260407-38744,07.04.2026,198273645,Набор полотенец вафельные 12 шт,2,1013,2026,delivered,FBO
ORD-260407-75317,07.04.2026,201938475,Полотенце банное микрофибра,3,670,2010,delivered,FBO
ORD-260407-10751,07.04.2026,184920374,Ароматизатор в машину + полотенце,1,606,606,delivered,FBO
ORD-260407-59661,07.04.2026,192837465,Подарочный набор полотенец,2,478,956,delivered,FBO
ORD-260407-15510,07.04.2026,192837465,Подарочный набор полотенец,1,478,478,delivered,FBO
ORD-260408-60519,08.04.2026,184920374,Ароматизатор в машину + полотенце,2,606,1212,delivered,FBO
ORD-260408-19225,08.04.2026,184756392,Набор кремов для рук 5 шт,2,429,858,delivered,FBS
ORD-260408-69848,08.04.2026,209384756,Махровые полотенца 2 шт,1,536,536,delivered,FBS
ORD-260408-21701,08.04.2026,209384756,Махровые полотенца 2 шт,2,536,1072,delivered,FBS
ORD-260408-89483,08.04.2026,209384756,Махровые полотенца 2 шт,3,536,1608,delivered,FBS
ORD-260408-82948,08.04.2026,192837465,Подарочный набор полотенец,1,478,478,delivered,FBO
ORD-260408-19792,08.04.2026,209384756,Махровые полотенца 2 шт,1,536,536,delivered,FBS
ORD-260408-76502,08.04.2026,201938475,Полотенце банное микрофибра,1,670,670,delivered,FBO
ORD-260408-97709,08.04.2026,193847562,Килт-полотенце для женщин,2,753,1506,delivered,FBS
ORD-260408-49334,08.04.2026,184920374,Ароматизатор в машину + полотенце,1,606,606,delivered,FBO
ORD-260408-86830,08.04.2026,198273645,Набор полотенец вафельные 12 шт,2,1013,2026,delivered,FBO
ORD-260408-23590,08.04.2026,184756392,Набор кремов для рук 5 шт,3,429,1287,delivered,FBS
ORD-260408-94935,08.04.2026,193847562,Килт-полотенце для женщин,2,753,1506,delivered,FBS
ORD-260408-40924,08.04.2026,193847562,Килт-полотенце для женщин,1,753,753,delivered,FBS
ORD-260409-21824,09.04.2026,209384756,Махровые полотенца 2 шт,1,536,536,delivered,FBS
ORD-260409-86849,09.04.2026,192837465,Подарочный набор полотенец,3,478,1434,cancelled,FBO
ORD-260409-59669,09.04.2026,201938475,Полотенце банное микрофибра,1,670,670,delivered,FBO
ORD-260409-57095,09.04.2026,193847562,Килт-полотенце для женщин,3,753,2259,awaiting_packaging,FBS
ORD-260409-57699,09.04.2026,193847562,Килт-полотенце для женщин,1,753,753,delivered,FBS
ORD-260409-80807,09.04.2026,184756392,Набор кремов для рук 5 шт,2,429,858,delivered,FBS
ORD-260409-70843,09.04.2026,193847562,Килт-полотенце для женщин,3,753,2259,delivered,FBS
ORD-260409-76589,09.04.2026,192837465,Подарочный набор полотенец,1,478,478,delivered,FBO
ORD-260409-45785,09.04.2026,184756392,Набор кремов для рук 5 шт,2,429,858,delivered,FBS
ORD-260409-66947,09.04.2026,201938475,Полотенце банное микрофибра,1,670,670,delivered,FBO
ORD-260409-69602,09.04.2026,198273645,Набор полотенец вафельные 12 шт,2,1013,2026,awaiting_packaging,FBO
ORD-260409-48136,09.04.2026,184756392,Набор кремов для рук 5 шт,2,429,858,delivered,FBS
ORD-260409-77603,09.04.2026,193847562,Килт-полотенце для женщин,2,753,1506,delivered,FBS
ORD-260409-45743,09.04.2026,184920374,Ароматизатор в машину + полотенце,2,606,1212,delivered,FBO
ORD-260409-48621,09.04.2026,184920374,Ароматизатор в машину + полотенце,3,606,1818,delivered,FBO
ORD-260409-52734,09.04.2026,209384756,Махровые полотенца 2 шт,3,536,1608,cancelled,FBS
ORD-260409-42517,09.04.2026,184920374,Ароматизатор в машину + полотенце,3,606,1818,delivered,FBO
ORD-260409-31314,09.04.2026,198273645,Набор полотенец вафельные 12 шт,3,1013,3039,delivered,FBO
ORD-260409-82791,09.04.2026,184756392,Набор кремов для рук 5 шт,1,429,429,delivered,FBS
ORD-260409-65014,09.04.2026,192837465,Подарочный набор полотенец,1,478,478,delivered,FBO
ORD-260409-66245,09.04.2026,198273645,Набор полотенец вафельные 12 шт,3,1013,3039,delivered,FBO
ORD-260409-54086,09.04.2026,201938475,Полотенце банное микрофибра,2,670,1340,awaiting_packaging,FBO
ORD-260409-23875,09.04.2026,193847562,Килт-полотенце для женщин,2,753,1506,delivered,FBS
ORD-260410-42650,10.04.2026,209384756,Махровые полотенца 2 шт,2,536,1072,delivered,FBS
ORD-260410-54269,10.04.2026,184920374,Ароматизатор в машину + полотенце,2,606,1212,delivered,FBO
ORD-260410-73872,10.04.2026,192837465,Подарочный набор полотенец,1,478,478,delivered,FBO
ORD-260410-48203,10.04.2026,209384756,Махровые полотенца 2 шт,3,536,1608,awaiting_packaging,FBS
ORD-260410-85530,10.04.2026,184920374,Ароматизатор в машину + полотенце,1,606,606,delivered,FBO
ORD-260410-43496,10.04.2026,184920374,Ароматизатор в машину + полотенце,3,606,1818,delivered,FBO
ORD-260410-37868,10.04.2026,209384756,Махровые полотенца 2 шт,2,536,1072,delivered,FBS
ORD-260410-70899,10.04.2026,184920374,Ароматизатор в машину + полотенце,1,606,606,delivered,FBO
ORD-260410-92064,10.04.2026,184920374,Ароматизатор в машину + полотенце,1,606,606,delivered,FBO
ORD-260410-92327,10.04.2026,198273645,Набор полотенец вафельные 12 шт,1,1013,1013,delivered,FBO
ORD-260410-37714,10.04.2026,193847562,Килт-полотенце для женщин,2,753,1506,delivered,FBS
ORD-260411-35592,11.04.2026,192837465,Подарочный набор полотенец,2,478,956,delivered,FBO
ORD-260411-12275,11.04.2026,192837465,Подарочный набор полотенец,2,478,956,delivered,FBO
ORD-260411-13356,11.04.2026,201938475,Полотенце банное микрофибра,2,670,1340,delivered,FBO
ORD-260411-39199,11.04.2026,201938475,Полотенце банное микрофибра,3,670,2010,delivered,FBO
ORD-260411-65179,11.04.2026,198273645,Набор полотенец вафельные 12 шт,3,1013,3039,delivered,FBO
ORD-260411-62888,11.04.2026,193847562,Килт-полотенце для женщин,1,753,753,delivered,FBS
ORD-260411-59205,11.04.2026,198273645,Набор полотенец вафельные 12 шт,3,1013,3039,delivered,FBO
ORD-260411-16659,11.04.2026,184756392,Набор кремов для рук 5 шт,2,429,858,delivered,FBS
ORD-260411-28635,11.04.2026,201938475,Полотенце банное микрофибра,2,670,1340,delivered,FBO
ORD-260411-42521,11.04.2026,184756392,Набор кремов для рук 5 шт,3,429,1287,delivered,FBS
ORD-260411-18163,11.04.2026,201938475,Полотенце банное микрофибра,2,670,1340,delivered,FBO
ORD-260411-39170,11.04.2026,192837465,Подарочный набор полотенец,2,478,956,cancelled,FBO
ORD-260411-29462,11.04.2026,184920374,Ароматизатор в машину + полотенце,1,606,606,delivered,FBO
ORD-260411-39512,11.04.2026,209384756,Махровые полотенца 2 шт,1,536,536,delivered,FBS
ORD-260411-67735,11.04.2026,184920374,Ароматизатор в машину + полотенце,2,606,1212,delivered,FBO
ORD-260411-29745,11.04.2026,201938475,Полотенце банное микрофибра,1,670,670,delivered,FBO
ORD-260411-15161,11.04.2026,209384756,Махровые полотенца 2 шт,2,536,1072,cancelled,FBS
ORD-260411-73238,11.04.2026,209384756,Махровые полотенца 2 шт,2,536,1072,delivered,FBS
ORD-260411-23338,11.04.2026,184756392,Набор кремов для рук 5 шт,3,429,1287,delivered,FBS
ORD-260411-47744,11.04.2026,184756392,Набор кремов для рук 5 шт,2,429,858,delivered,FBS
ORD-260411-69106,11.04.2026,184920374,Ароматизатор в машину + полотенце,2,606,1212,awaiting_packaging,FBO
ORD-260411-52615,11.04.2026,209384756,Махровые полотенца 2 шт,1,536,536,delivered,FBS
ORD-260411-15636,11.04.2026,193847562,Килт-полотенце для женщин,1,753,753,awaiting_packaging,FBS
ORD-260411-62318,11.04.2026,209384756,Махровые полотенца 2 шт,3,536,1608,delivered,FBS
ORD-260412-56142,12.04.2026,192837465,Подарочный набор полотенец,1,478,478,delivered,FBO
ORD-260412-75468,12.04.2026,209384756,Махровые полотенца 2 шт,3,536,1608,delivered,FBS
ORD-260412-32864,12.04.2026,198273645,Набор полотенец вафельные 12 шт,1,1013,1013,delivered,FBO
ORD-260412-91030,12.04.2026,184756392,Набор кремов для рук 5 шт,2,429,858,delivered,FBS
ORD-260412-97143,12.04.2026,184756392,Набор кремов для рук 5 шт,3,429,1287,delivered,FBS
ORD-260412-51552,12.04.2026,201938475,Полотенце банное микрофибра,2,670,1340,delivered,FBO
ORD-260412-92746,12.04.2026,193847562,Килт-полотенце для женщин,2,753,1506,delivered,FBS
ORD-260412-32547,12.04.2026,184920374,Ароматизатор в машину + полотенце,2,606,1212,delivered,FBO
ORD-260412-42647,12.04.2026,198273645,Набор полотенец вафельные 12 шт,2,1013,2026,delivered,FBO
ORD-260412-10117,12.04.2026,201938475,Полотенце банное микрофибра,1,670,670,delivered,FBO
ORD-260412-33795,12.04.2026,184920374,Ароматизатор в машину + полотенце,2,606,1212,cancelled,FBO
ORD-260412-11187,12.04.2026,192837465,Подарочный набор полотенец,3,478,1434,delivered,FBO
ORD-260412-18986,12.04.2026,209384756,Махровые полотенца 2 шт,1,536,536,awaiting_packaging,FBS
ORD-260412-65952,12.04.2026,193847562,Килт-полотенце для женщин,3,753,2259,delivered,FBS
ORD-260412-72941,12.04.2026,198273645,Набор полотенец вафельные 12 шт,2,1013,2026,delivered,FBO
ORD-260412-43507,12.04.2026,192837465,Подарочный набор полотенец,2,478,956,delivered,FBO
ORD-260413-56515,13.04.2026,192837465,Подарочный набор полотенец,2,478,956,delivered,FBO
ORD-260413-21656,13.04.2026,192837465,Подарочный набор полотенец,1,478,478,delivered,FBO
ORD-260413-75005,13.04.2026,193847562,Килт-полотенце для женщин,1,753,753,cancelled,FBS
ORD-260413-67731,13.04.2026,193847562,Килт-полотенце для женщин,1,753,753,awaiting_packaging,FBS
ORD-260413-97928,13.04.2026,193847562,Килт-полотенце для женщин,2,753,1506,cancelled,FBS
ORD-260414-47437,14.04.2026,193847562,Килт-полотенце для женщин,3,753,2259,delivered,FBS
ORD-260414-99860,14.04.2026,184920374,Ароматизатор в машину + полотенце,3,606,1818,cancelled,FBO
ORD-260414-97409,14.04.2026,184920374,Ароматизатор в машину + полотенце,1,606,606,awaiting_packaging,FBO
ORD-260414-64924,14.04.2026,193847562,Килт-полотенце для женщин,3,753,2259,cancelled,FBS
ORD-260414-43581,14.04.2026,201938475,Полотенце банное микрофибра,3,670,2010,delivered,FBO
ORD-260414-41377,14.04.2026,201938475,Полотенце банное микрофибра,3,670,2010,delivered,FBO
ORD-260414-23577,14.04.2026,184756392,Набор кремов для рук 5 шт,2,429,858,delivered,FBS
ORD-260414-51115,14.04.2026,193847562,Килт-полотенце для женщин,2,753,1506,delivered,FBS
ORD-260414-95073,14.04.2026,192837465,Подарочный набор полотенец,1,478,478,delivered,FBO
ORD-260414-87368,14.04.2026,201938475,Полотенце банное микрофибра,3,670,2010,delivered,FBO
ORD-260414-67222,14.04.2026,192837465,Подарочный набор полотенец,3,478,1434,delivered,FBO
ORD-260414-55194,14.04.2026,184756392,Набор кремов для рук 5 шт,1,429,429,delivered,FBS
ORD-260414-91200,14.04.2026,184920374,Ароматизатор в машину + полотенце,2,606,1212,delivered,FBO
ORD-260414-24278,14.04.2026,184756392,Набор кремов для рук 5 шт,1,429,429,delivered,FBS
ORD-260414-29314,14.04.2026,198273645,Набор полотенец вафельные 12 шт,3,1013,3039,delivered,FBO
ORD-260414-62939,14.04.2026,201938475,Полотенце банное микрофибра,2,670,1340,delivered,FBO
ORD-260414-19102,14.04.2026,193847562,Килт-полотенце для женщин,1,753,753,awaiting_packaging,FBS
ORD-260414-26852,14.04.2026,198273645,Набор полотенец вафельные 12 шт,1,1013,1013,delivered,FBO
ORD-260414-38962,14.04.2026,209384756,Махровые полотенца 2 шт,1,536,536,awaiting_packaging,FBS
ORD-260414-53829,14.04.2026,192837465,Подарочный набор полотенец,1,478,478,delivered,FBO
ORD-260415-59433,15.04.2026,184756392,Набор кремов для рук 5 шт,2,429,858,delivered,FBS
ORD-260415-56314,15.04.2026,209384756,Махровые полотенца 2 шт,3,536,1608,delivered,FBS
ORD-260415-38149,15.04.2026,198273645,Набор полотенец вафельные 12 шт,2,1013,2026,delivered,FBO
ORD-260415-96599,15.04.2026,209384756,Махровые полотенца 2 шт,2,536,1072,delivered,FBS
ORD-260415-80771,15.04.2026,184756392,Набор кремов для рук 5 шт,1,429,429,delivered,FBS
ORD-260415-42506,15.04.2026,192837465,Подарочный набор полотенец,2,478,956,delivered,FBO
ORD-260415-78155,15.04.2026,184756392,Набор кремов для рук 5 шт,2,429,858,delivered,FBS
ORD-260415-59096,15.04.2026,201938475,Полотенце банное микрофибра,1,670,670,awaiting_packaging,FBO
ORD-260415-17822,15.04.2026,184920374,Ароматизатор в машину + полотенце,1,606,606,awaiting_packaging,FBO
ORD-260415-10318,15.04.2026,201938475,Полотенце банное микрофибра,2,670,1340,delivered,FBO
ORD-260415-59965,15.04.2026,209384756,Махровые полотенца 2 шт,3,536,1608,delivered,FBS
ORD-260416-17256,16.04.2026,184756392,Набор кремов для рук 5 шт,2,429,858,awaiting_packaging,FBS
ORD-260416-10333,16.04.2026,192837465,Подарочный набор полотенец,1,478,478,cancelled,FBO
ORD-260416-72960,16.04.2026,209384756,Махровые полотенца 2 шт,2,536,1072,delivered,FBS
ORD-260416-14072,16.04.2026,192837465,Подарочный набор полотенец,2,478,956,delivered,FBO
ORD-260416-84292,16.04.2026,193847562,Килт-полотенце для женщин,1,753,753,awaiting_packaging,FBS
ORD-260416-27633,16.04.2026,192837465,Подарочный набор полотенец,3,478,1434,delivered,FBO
ORD-260416-19376,16.04.2026,184920374,Ароматизатор в машину + полотенце,1,606,606,delivered,FBO
ORD-260416-92630,16.04.2026,184920374,Ароматизатор в машину + полотенце,3,606,1818,delivered,FBO
ORD-260416-77288,16.04.2026,198273645,Набор полотенец вафельные 12 шт,3,1013,3039,delivered,FBO
ORD-260416-60205,16.04.2026,201938475,Полотенце банное микрофибра,2,670,1340,delivered,FBO
ORD-260416-89897,16.04.2026,192837465,Подарочный набор полотенец,2,478,956,delivered,FBO
ORD-260416-36029,16.04.2026,198273645,Набор полотенец вафельные 12 шт,3,1013,3039,delivered,FBO
ORD-260416-53702,16.04.2026,201938475,Полотенце банное микрофибра,2,670,1340,delivered,FBO
ORD-260416-41771,16.04.2026,184920374,Ароматизатор в машину + полотенце,1,606,606,delivered,FBO
ORD-260416-57712,16.04.2026,184756392,Набор кремов для рук 5 шт,1,429,429,awaiting_packaging,FBS
ORD-260416-17468,16.04.2026,201938475,Полотенце банное микрофибра,3,670,2010,delivered,FBO
ORD-260416-56813,16.04.2026,184756392,Набор кремов для рук 5 шт,3,429,1287,cancelled,FBS
ORD-260417-11642,17.04.2026,201938475,Полотенце банное микрофибра,3,670,2010,delivered,FBO
ORD-260417-71367,17.04.2026,209384756,Махровые полотенца 2 шт,1,536,536,cancelled,FBS
ORD-260417-57727,17.04.2026,184920374,Ароматизатор в машину + полотенце,2,606,1212,delivered,FBO
ORD-260417-46798,17.04.2026,198273645,Набор полотенец вафельные 12 шт,3,1013,3039,delivered,FBO
ORD-260417-29543,17.04.2026,198273645,Набор полотенец вафельные 12 шт,3,1013,3039,delivered,FBO
ORD-260417-42920,17.04.2026,184756392,Набор кремов для рук 5 шт,1,429,429,delivered,FBS
ORD-260417-24163,17.04.2026,193847562,Килт-полотенце для женщин,2,753,1506,cancelled,FBS
ORD-260417-26684,17.04.2026,209384756,Махровые полотенца 2 шт,2,536,1072,delivered,FBS
ORD-260417-12323,17.04.2026,193847562,Килт-полотенце для женщин,1,753,753,delivered,FBS
ORD-260417-31626,17.04.2026,198273645,Набор полотенец вафельные 12 шт,1,1013,1013,delivered,FBO
ORD-260417-46968,17.04.2026,184756392,Набор кремов для рук 5 шт,3,429,1287,delivered,FBS
ORD-260417-57381,17.04.2026,193847562,Килт-полотенце для женщин,1,753,753,delivered,FBS
ORD-260417-28576,17.04.2026,201938475,Полотенце банное микрофибра,2,670,1340,delivered,FBO
ORD-260417-29704,17.04.2026,198273645,Набор полотенец вафельные 12 шт,3,1013,3039,delivered,FBO
ORD-260417-12447,17.04.2026,193847562,Килт-полотенце для женщин,3,753,2259,delivered,FBS
ORD-260417-65968,17.04.2026,201938475,Полотенце банное микрофибра,2,670,1340,awaiting_packaging,FBO
ORD-260417-70783,17.04.2026,193847562,Килт-полотенце для женщин,1,753,753,cancelled,FBS
ORD-260418-34986,18.04.2026,184920374,Ароматизатор в машину + полотенце,3,606,1818,delivered,FBO
ORD-260418-33591,18.04.2026,198273645,Набор полотенец вафельные 12 шт,1,1013,1013,delivered,FBO
ORD-260418-72439,18.04.2026,209384756,Махровые полотенца 2 шт,2,536,1072,delivered,FBS
ORD-260418-56592,18.04.2026,209384756,Махровые полотенца 2 шт,3,536,1608,delivered,FBS
ORD-260418-74578,18.04.2026,198273645,Набор полотенец вафельные 12 шт,2,1013,2026,delivered,FBO
ORD-260418-40866,18.04.2026,184756392,Набор кремов для рук 5 шт,3,429,1287,delivered,FBS
ORD-260418-53293,18.04.2026,193847562,Килт-полотенце для женщин,3,753,2259,delivered,FBS
ORD-260418-63859,18.04.2026,184920374,Ароматизатор в машину + полотенце,1,606,606,delivered,FBO
ORD-260418-72247,18.04.2026,184756392,Набор кремов для рук 5 шт,1,429,429,delivered,FBS
ORD-260418-33797,18.04.2026,201938475,Полотенце банное микрофибра,1,670,670,delivered,FBO
ORD-260418-21255,18.04.2026,193847562,Килт-полотенце для женщин,3,753,2259,cancelled,FBS
ORD-260418-40361,18.04.2026,184920374,Ароматизатор в машину + полотенце,1,606,606,delivered,FBO
ORD-260418-65019,18.04.2026,184756392,Набор кремов для рук 5 шт,1,429,429,delivered,FBS
ORD-260418-80949,18.04.2026,198273645,Набор полотенец вафельные 12 шт,1,1013,1013,cancelled,FBO
ORD-260418-58882,18.04.2026,184756392,Набор кремов для рук 5 шт,2,429,858,delivered,FBS
ORD-260418-43822,18.04.2026,184920374,Ароматизатор в машину + полотенце,2,606,1212,delivered,FBO
ORD-260418-77078,18.04.2026,198273645,Набор полотенец вафельные 12 шт,3,1013,3039,delivered,FBO
ORD-260418-16610,18.04.2026,193847562,Килт-полотенце для женщин,2,753,1506,delivered,FBS
ORD-260418-69979,18.04.2026,193847562,Килт-полотенце для женщин,1,753,753,delivered,FBS
ORD-260418-64579,18.04.2026,184920374,Ароматизатор в машину + полотенце,1,606,606,awaiting_packaging,FBO
ORD-260419-78526,19.04.2026,198273645,Набор полотенец вафельные 12 шт,3,1013,3039,delivered,FBO
ORD-260419-44097,19.04.2026,201938475,Полотенце банное микрофибра,1,670,670,delivered,FBO
ORD-260419-23585,19.04.2026,209384756,Махровые полотенца 2 шт,2,536,1072,delivered,FBS
ORD-260419-59988,19.04.2026,184920374,Ароматизатор в машину + полотенце,1,606,606,delivered,FBO
ORD-260419-34317,19.04.2026,198273645,Набор полотенец вафельные 12 шт,2,1013,2026,delivered,FBO
ORD-260419-84916,19.04.2026,193847562,Килт-полотенце для женщин,2,753,1506,delivered,FBS
ORD-260419-81696,19.04.2026,198273645,Набор полотенец вафельные 12 шт,2,1013,2026,delivered,FBO
ORD-260419-30901,19.04.2026,184920374,Ароматизатор в машину + полотенце,1,606,606,delivered,FBO
ORD-260419-36175,19.04.2026,184920374,Ароматизатор в машину + полотенце,1,606,606,delivered,FBO
ORD-260419-77493,19.04.2026,201938475,Полотенце банное микрофибра,2,670,1340,delivered,FBO
ORD-260419-81792,19.04.2026,184756392,Набор кремов для рук 5 шт,2,429,858,delivered,FBS
ORD-260419-92318,19.04.2026,192837465,Подарочный набор полотенец,1,478,478,delivered,FBO
ORD-260419-23146,19.04.2026,209384756,Махровые полотенца 2 шт,3,536,1608,delivered,FBS
ORD-260419-33266,19.04.2026,209384756,Махровые полотенца 2 шт,1,536,536,delivered,FBS
ORD-260419-60435,19.04.2026,201938475,Полотенце банное микрофибра,2,670,1340,delivered,FBO
ORD-260419-12521,19.04.2026,198273645,Набор полотенец вафельные 12 шт,1,1013,1013,awaiting_packaging,FBO
ORD-260419-73511,19.04.2026,192837465,Подарочный набор полотенец,3,478,1434,delivered,FBO
ORD-260419-18185,19.04.2026,201938475,Полотенце банное микрофибра,1,670,670,cancelled,FBO
ORD-260419-84608,19.04.2026,193847562,Килт-полотенце для женщин,3,753,2259,delivered,FBS
ORD-260419-40653,19.04.2026,209384756,Махровые полотенца 2 шт,3,536,1608,delivered,FBS
ORD-260419-70459,19.04.2026,192837465,Подарочный набор полотенец,1,478,478,delivered,FBO
ORD-260420-24488,20.04.2026,192837465,Подарочный набор полотенец,1,478,478,delivered,FBO
ORD-260420-78758,20.04.2026,198273645,Набор полотенец вафельные 12 шт,2,1013,2026,delivered,FBO
ORD-260420-11109,20.04.2026,192837465,Подарочный набор полотенец,2,478,956,delivered,FBO
ORD-260420-93825,20.04.2026,184756392,Набор кремов для рук 5 шт,3,429,1287,delivered,FBS
ORD-260420-45201,20.04.2026,193847562,Килт-полотенце для женщин,1,753,753,cancelled,FBS
ORD-260420-90351,20.04.2026,201938475,Полотенце банное микрофибра,2,670,1340,cancelled,FBO
ORD-260420-28531,20.04.2026,184756392,Набор кремов для рук 5 шт,2,429,858,delivered,FBS
ORD-260420-55895,20.04.2026,192837465,Подарочный набор полотенец,3,478,1434,delivered,FBO
ORD-260420-93890,20.04.2026,198273645,Набор полотенец вафельные 12 шт,1,1013,1013,delivered,FBO
ORD-260420-35073,20.04.2026,201938475,Полотенце банное микрофибра,3,670,2010,delivered,FBO
ORD-260421-34933,21.04.2026,201938475,Полотенце банное микрофибра,2,670,1340,awaiting_packaging,FBO
ORD-260421-85893,21.04.2026,201938475,Полотенце банное микрофибра,2,670,1340,delivered,FBO
ORD-260421-77857,21.04.2026,192837465,Подарочный набор полотенец,1,478,478,delivered,FBO
ORD-260421-40471,21.04.2026,192837465,Подарочный набор полотенец,3,478,1434,delivered,FBO
ORD-260421-40254,21.04.2026,209384756,Махровые полотенца 2 шт,1,536,536,cancelled,FBS
ORD-260421-46522,21.04.2026,198273645,Набор полотенец вафельные 12 шт,2,1013,2026,delivered,FBO
ORD-260421-51723,21.04.2026,192837465,Подарочный набор полотенец,1,478,478,delivered,FBO
ORD-260421-79351,21.04.2026,193847562,Килт-полотенце для женщин,3,753,2259,delivered,FBS
ORD-260421-10746,21.04.2026,193847562,Килт-полотенце для женщин,3,753,2259,delivered,FBS
ORD-260422-60273,22.04.2026,209384756,Махровые полотенца 2 шт,2,536,1072,delivered,FBS
ORD-260422-96105,22.04.2026,192837465,Подарочный набор полотенец,1,478,478,cancelled,FBO
ORD-260422-99514,22.04.2026,201938475,Полотенце банное микрофибра,2,670,1340,delivered,FBO
ORD-260422-83876,22.04.2026,198273645,Набор полотенец вафельные 12 шт,3,1013,3039,delivered,FBO
ORD-260422-85439,22.04.2026,184756392,Набор кремов для рук 5 шт,2,429,858,cancelled,FBS
ORD-260422-95105,22.04.2026,192837465,Подарочный набор полотенец,1,478,478,cancelled,FBO
ORD-260422-51169,22.04.2026,184920374,Ароматизатор в машину + полотенце,3,606,1818,delivered,FBO
ORD-260422-78410,22.04.2026,184756392,Набор кремов для рук 5 шт,1,429,429,delivered,FBS
ORD-260422-18717,22.04.2026,193847562,Килт-полотенце для женщин,1,753,753,delivered,FBS
ORD-260422-42225,22.04.2026,193847562,Килт-полотенце для женщин,3,753,2259,delivered,FBS
ORD-260422-76604,22.04.2026,192837465,Подарочный набор полотенец,1,478,478,delivered,FBO
ORD-260422-92252,22.04.2026,201938475,Полотенце банное микрофибра,3,670,2010,delivered,FBO
ORD-260422-17450,22.04.2026,192837465,Подарочный набор полотенец,1,478,478,delivered,FBO
ORD-260422-22651,22.04.2026,209384756,Махровые полотенца 2 шт,3,536,1608,delivered,FBS
ORD-260422-10769,22.04.2026,192837465,Подарочный набор полотенец,1,478,478,delivered,FBO
ORD-260422-69459,22.04.2026,201938475,Полотенце банное микрофибра,1,670,670,delivered,FBO
ORD-260422-85227,22.04.2026,201938475,Полотенце банное микрофибра,3,670,2010,delivered,FBO
ORD-260422-22777,22.04.2026,193847562,Килт-полотенце для женщин,2,753,1506,delivered,FBS
ORD-260422-62567,22.04.2026,192837465,Подарочный набор полотенец,3,478,1434,delivered,FBO
ORD-260422-78339,22.04.2026,184920374,Ароматизатор в машину + полотенце,1,606,606,delivered,FBO
ORD-260423-86477,23.04.2026,184920374,Ароматизатор в машину + полотенце,2,606,1212,delivered,FBO
ORD-260423-49557,23.04.2026,192837465,Подарочный набор полотенец,3,478,1434,delivered,FBO
ORD-260423-45972,23.04.2026,193847562,Килт-полотенце для женщин,2,753,1506,delivered,FBS
ORD-260423-15211,23.04.2026,184756392,Набор кремов для рук 5 шт,1,429,429,delivered,FBS
ORD-260423-12363,23.04.2026,184920374,Ароматизатор в машину + полотенце,3,606,1818,delivered,FBO
ORD-260423-32744,23.04.2026,184756392,Набор кремов для рук 5 шт,3,429,1287,delivered,FBS
ORD-260423-67232,23.04.2026,184756392,Набор кремов для рук 5 шт,1,429,429,delivered,FBS
ORD-260423-76245,23.04.2026,209384756,Махровые полотенца 2 шт,3,536,1608,delivered,FBS
ORD-260423-29432,23.04.2026,209384756,Махровые полотенца 2 шт,3,536,1608,delivered,FBS
ORD-260423-99663,23.04.2026,193847562,Килт-полотенце для женщин,2,753,1506,delivered,FBS
ORD-260423-53548,23.04.2026,193847562,Килт-полотенце для женщин,2,753,1506,delivered,FBS
ORD-260423-99221,23.04.2026,193847562,Килт-полотенце для женщин,1,753,753,delivered,FBS
ORD-260423-83416,23.04.2026,192837465,Подарочный набор полотенец,2,478,956,delivered,FBO
ORD-260423-33773,23.04.2026,192837465,Подарочный набор полотенец,2,478,956,delivered,FBO
ORD-260423-70285,23.04.2026,209384756,Махровые полотенца 2 шт,2,536,1072,cancelled,FBS
ORD-260423-15831,23.04.2026,209384756,Махровые полотенца 2 шт,2,536,1072,delivered,FBS
ORD-260423-31318,23.04.2026,184920374,Ароматизатор в машину + полотенце,2,606,1212,delivered,FBO
ORD-260423-71954,23.04.2026,201938475,Полотенце банное микрофибра,3,670,2010,delivered,FBO
ORD-260423-86367,23.04.2026,184920374,Ароматизатор в машину + полотенце,1,606,606,delivered,FBO
ORD-260423-46775,23.04.2026,192837465,Подарочный набор полотенец,1,478,478,delivered,FBO
ORD-260423-90770,23.04.2026,193847562,Килт-полотенце для женщин,3,753,2259,cancelled,FBS
ORD-260423-60910,23.04.2026,201938475,Полотенце банное микрофибра,3,670,2010,delivered,FBO
ORD-260423-92844,23.04.2026,198273645,Набор полотенец вафельные 12 шт,1,1013,1013,delivered,FBO
ORD-260423-62370,23.04.2026,209384756,Махровые полотенца 2 шт,3,536,1608,cancelled,FBS
ORD-260424-10243,24.04.2026,184756392,Набор кремов для рук 5 шт,2,429,858,delivered,FBS
ORD-260424-94185,24.04.2026,201938475,Полотенце банное микрофибра,1,670,670,delivered,FBO
ORD-260424-26558,24.04.2026,201938475,Полотенце банное микрофибра,2,670,1340,cancelled,FBO
ORD-260424-56387,24.04.2026,192837465,Подарочный набор полотенец,2,478,956,delivered,FBO
ORD-260424-11476,24.04.2026,184756392,Набор кремов для рук 5 шт,1,429,429,delivered,FBS
ORD-260424-76048,24.04.2026,198273645,Набор полотенец вафельные 12 шт,3,1013,3039,delivered,FBO
ORD-260424-46929,24.04.2026,192837465,Подарочный набор полотенец,1,478,478,delivered,FBO
ORD-260424-66883,24.04.2026,184756392,Набор кремов для рук 5 шт,1,429,429,delivered,FBS
ORD-260425-70205,25.04.2026,193847562,Килт-полотенце для женщин,3,753,2259,delivered,FBS
ORD-260425-98481,25.04.2026,201938475,Полотенце банное микрофибра,3,670,2010,delivered,FBO
ORD-260425-36668,25.04.2026,192837465,Подарочный набор полотенец,3,478,1434,delivered,FBO
ORD-260425-60725,25.04.2026,201938475,Полотенце банное микрофибра,2,670,1340,delivered,FBO
ORD-260425-15024,25.04.2026,184920374,Ароматизатор в машину + полотенце,3,606,1818,delivered,FBO
ORD-260425-16082,25.04.2026,198273645,Набор полотенец вафельные 12 шт,2,1013,2026,awaiting_packaging,FBO
ORD-260425-39992,25.04.2026,192837465,Подарочный набор полотенец,2,478,956,delivered,FBO
ORD-260425-53016,25.04.2026,198273645,Набор полотенец вафельные 12 шт,3,1013,3039,delivered,FBO
ORD-260425-67112,25.04.2026,184756392,Набор кремов для рук 5 шт,3,429,1287,cancelled,FBS
ORD-260425-49831,25.04.2026,209384756,Махровые полотенца 2 шт,3,536,1608,cancelled,FBS
ORD-260425-50026,25.04.2026,192837465,Подарочный набор полотенец,2,478,956,delivered,FBO
ORD-260425-79189,25.04.2026,192837465,Подарочный набор полотенец,3,478,1434,delivered,FBO
ORD-260426-58511,26.04.2026,192837465,Подарочный набор полотенец,1,478,478,delivered,FBO
ORD-260426-45851,26.04.2026,184756392,Набор кремов для рук 5 шт,2,429,858,delivered,FBS
ORD-260426-32518,26.04.2026,198273645,Набор полотенец вафельные 12 шт,2,1013,2026,delivered,FBO
ORD-260426-59941,26.04.2026,184920374,Ароматизатор в машину + полотенце,1,606,606,delivered,FBO
ORD-260426-89768,26.04.2026,193847562,Килт-полотенце для женщин,1,753,753,delivered,FBS
ORD-260427-78312,27.04.2026,201938475,Полотенце банное микрофибра,3,670,2010,delivered,FBO
ORD-260427-21628,27.04.2026,192837465,Подарочный набор полотенец,1,478,478,delivered,FBO
ORD-260427-74186,27.04.2026,198273645,Набор полотенец вафельные 12 шт,1,1013,1013,delivered,FBO
ORD-260427-53109,27.04.2026,184756392,Набор кремов для рук 5 шт,3,429,1287,delivered,FBS
ORD-260427-85756,27.04.2026,184756392,Набор кремов для рук 5 шт,3,429,1287,delivered,FBS
ORD-260427-24728,27.04.2026,209384756,Махровые полотенца 2 шт,2,536,1072,delivered,FBS
ORD-260427-18215,27.04.2026,184920374,Ароматизатор в машину + полотенце,2,606,1212,delivered,FBO
ORD-260427-92031,27.04.2026,184756392,Набор кремов для рук 5 шт,3,429,1287,delivered,FBS
ORD-260427-19956,27.04.2026,198273645,Набор полотенец вафельные 12 шт,1,1013,1013,delivered,FBO
ORD-260427-29196,27.04.2026,193847562,Килт-полотенце для женщин,1,753,753,delivered,FBS
ORD-260427-62039,27.04.2026,184920374,Ароматизатор в машину + полотенце,2,606,1212,delivered,FBO
ORD-260427-84373,27.04.2026,192837465,Подарочный набор полотенец,1,478,478,delivered,FBO
ORD-260427-65305,27.04.2026,201938475,Полотенце банное микрофибра,3,670,2010,delivered,FBO
ORD-260427-89638,27.04.2026,209384756,Махровые полотенца 2 шт,3,536,1608,delivered,FBS
ORD-260427-65782,27.04.2026,192837465,Подарочный набор полотенец,3,478,1434,delivered,FBO
ORD-260427-92709,27.04.2026,184756392,Набор кремов для рук 5 шт,3,429,1287,delivered,FBS
ORD-260427-41473,27.04.2026,209384756,Махровые полотенца 2 шт,2,536,1072,cancelled,FBS
ORD-260427-80312,27.04.2026,184920374,Ароматизатор в машину + полотенце,3,606,1818,delivered,FBO
ORD-260427-65994,27.04.2026,193847562,Килт-полотенце для женщин,1,753,753,delivered,FBS
ORD-260427-56547,27.04.2026,184920374,Ароматизатор в машину + полотенце,2,606,1212,awaiting_packaging,FBO
ORD-260428-57545,28.04.2026,198273645,Набор полотенец вафельные 12 шт,3,1013,3039,delivered,FBO
ORD-260428-61598,28.04.2026,192837465,Подарочный набор полотенец,3,478,1434,delivered,FBO
ORD-260428-38092,28.04.2026,201938475,Полотенце банное микрофибра,3,670,2010,delivered,FBO
ORD-260428-60812,28.04.2026,201938475,Полотенце банное микрофибра,2,670,1340,delivered,FBO
ORD-260428-21959,28.04.2026,184756392,Набор кремов для рук 5 шт,3,429,1287,delivered,FBS
ORD-260428-67019,28.04.2026,193847562,Килт-полотенце для женщин,3,753,2259,delivered,FBS
ORD-260428-17362,28.04.2026,193847562,Килт-полотенце для женщин,1,753,753,delivered,FBS
ORD-260428-25627,28.04.2026,209384756,Махровые полотенца 2 шт,2,536,1072,delivered,FBS
ORD-260428-95815,28.04.2026,198273645,Набор полотенец вафельные 12 шт,3,1013,3039,delivered,FBO
ORD-260428-80593,28.04.2026,201938475,Полотенце банное микрофибра,2,670,1340,delivered,FBO
ORD-260428-29316,28.04.2026,209384756,Махровые полотенца 2 шт,1,536,536,delivered,FBS
ORD-260428-29863,28.04.2026,198273645,Набор полотенец вафельные 12 шт,1,1013,1013,delivered,FBO
ORD-260428-65553,28.04.2026,198273645,Набор полотенец вафельные 12 шт,2,1013,2026,delivered,FBO
ORD-260428-62800,28.04.2026,209384756,Махровые полотенца 2 шт,2,536,1072,delivered,FBS
ORD-260428-81719,28.04.2026,192837465,Подарочный набор полотенец,3,478,1434,delivered,FBO
ORD-260428-53442,28.04.2026,192837465,Подарочный набор полотенец,3,478,1434,delivered,FBO
ORD-260429-35964,29.04.2026,198273645,Набор полотенец вафельные 12 шт,2,1013,2026,delivered,FBO
ORD-260429-80508,29.04.2026,192837465,Подарочный набор полотенец,2,478,956,awaiting_packaging,FBO
ORD-260429-57381,29.04.2026,184756392,Набор кремов для рук 5 шт,3,429,1287,delivered,FBS
ORD-260429-56752,29.04.2026,201938475,Полотенце банное микрофибра,2,670,1340,delivered,FBO
ORD-260429-73007,29.04.2026,192837465,Подарочный набор полотенец,1,478,478,awaiting_packaging,FBO
ORD-260430-51149,30.04.2026,209384756,Махровые полотенца 2 шт,1,536,536,delivered,FBS
ORD-260430-25007,30.04.2026,193847562,Килт-полотенце для женщин,2,753,1506,delivered,FBS
ORD-260430-28403,30.04.2026,201938475,Полотенце банное микрофибра,2,670,1340,delivered,FBO
ORD-260430-65860,30.04.2026,192837465,Подарочный набор полотенец,2,478,956,delivered,FBO
ORD-260430-64651,30.04.2026,198273645,Набор полотенец вафельные 12 шт,2,1013,2026,delivered,FBO
ORD-260430-59884,30.04.2026,198273645,Набор полотенец вафельные 12 шт,1,1013,1013,delivered,FBO
ORD-260430-41481,30.04.2026,192837465,Подарочный набор полотенец,3,478,1434,cancelled,FBO
ORD-260430-87957,30.04.2026,193847562,Килт-полотенце для женщин,1,753,753,cancelled,FBS
ORD-260430-94662,30.04.2026,209384756,Махровые полотенца 2 шт,2,536,1072,delivered,FBS
ORD-260430-50785,30.04.2026,201938475,Полотенце банное микрофибра,2,670,1340,delivered,FBO
ORD-260430-15776,30.04.2026,198273645,Набор полотенец вафельные 12 шт,2,1013,2026,awaiting_packaging,FBO
ORD-260430-41991,30.04.2026,184756392,Набор кремов для рук 5 шт,2,429,858,cancelled,FBS
ORD-260430-68412,30.04.2026,184756392,Набор кремов для рук 5 шт,2,429,858,delivered,FBS
ORD-260430-14695,30.04.2026,209384756,Махровые полотенца 2 шт,3,536,1608,delivered,FBS
ORD-260430-16063,30.04.2026,184920374,Ароматизатор в машину + полотенце,3,606,1818,delivered,FBO
ORD-260430-48396,30.04.2026,201938475,Полотенце банное микрофибра,2,670,1340,delivered,FBO
ORD-260430-60985,30.04.2026,201938475,Полотенце банное микрофибра,2,670,1340,cancelled,FBO
ORD-260430-88491,30.04.2026,184920374,Ароматизатор в машину + полотенце,2,606,1212,delivered,FBO
ORD-260430-31004,30.04.2026,193847562,Килт-полотенце для женщин,3,753,2259,delivered,FBS
ORD-260430-22259,30.04.2026,192837465,Подарочный набор полотенец,2,478,956,delivered,FBO
ORD-260501-97229,01.05.2026,184756392,Набор кремов для рук 5 шт,3,429,1287,delivered,FBS
ORD-260501-66188,01.05.2026,193847562,Килт-полотенце для женщин,3,753,2259,delivered,FBS
ORD-260501-47115,01.05.2026,209384756,Махровые полотенца 2 шт,2,536,1072,delivered,FBS
ORD-260501-91469,01.05.2026,184920374,Ароматизатор в машину + полотенце,1,606,606,delivered,FBO
ORD-260501-72269,01.05.2026,184920374,Ароматизатор в машину + полотенце,3,606,1818,cancelled,FBO
ORD-260501-51666,01.05.2026,193847562,Килт-полотенце для женщин,3,753,2259,awaiting_packaging,FBS
ORD-260502-26878,02.05.2026,201938475,Полотенце банное микрофибра,2,670,1340,cancelled,FBO
ORD-260502-64269,02.05.2026,192837465,Подарочный набор полотенец,1,478,478,cancelled,FBO
ORD-260502-18878,02.05.2026,184756392,Набор кремов для рук 5 шт,3,429,1287,delivered,FBS
ORD-260502-98855,02.05.2026,184920374,Ароматизатор в машину + полотенце,1,606,606,delivered,FBO
ORD-260502-11842,02.05.2026,198273645,Набор полотенец вафельные 12 шт,3,1013,3039,delivered,FBO
ORD-260502-65998,02.05.2026,192837465,Подарочный набор полотенец,3,478,1434,delivered,FBO
ORD-260502-43811,02.05.2026,201938475,Полотенце банное микрофибра,2,670,1340,delivered,FBO
ORD-260502-12636,02.05.2026,184920374,Ароматизатор в машину + полотенце,1,606,606,delivered,FBO
ORD-260502-43552,02.05.2026,184756392,Набор кремов для рук 5 шт,3,429,1287,delivered,FBS
ORD-260502-26260,02.05.2026,184756392,Набор кремов для рук 5 шт,1,429,429,delivered,FBS
ORD-260502-58538,02.05.2026,198273645,Набор полотенец вафельные 12 шт,3,1013,3039,delivered,FBO
ORD-260502-59841,02.05.2026,184756392,Набор кремов для рук 5 шт,3,429,1287,cancelled,FBS
ORD-260502-36000,02.05.2026,192837465,Подарочный набор полотенец,1,478,478,delivered,FBO
ORD-260502-46888,02.05.2026,192837465,Подарочный набор полотенец,3,478,1434,delivered,FBO
ORD-260502-23299,02.05.2026,192837465,Подарочный набор полотенец,1,478,478,delivered,FBO
ORD-260502-32188,02.05.2026,192837465,Подарочный набор полотенец,3,478,1434,awaiting_packaging,FBO
ORD-260502-30221,02.05.2026,201938475,Полотенце банное микрофибра,1,670,670,delivered,FBO
ORD-260502-27686,02.05.2026,201938475,Полотенце банное микрофибра,1,670,670,cancelled,FBO
ORD-260502-15803,02.05.2026,192837465,Подарочный набор полотенец,2,478,956,delivered,FBO
ORD-260502-76626,02.05.2026,201938475,Полотенце банное микрофибра,3,670,2010,awaiting_packaging,FBO
ORD-260502-97939,02.05.2026,192837465,Подарочный набор полотенец,3,478,1434,delivered,FBO
ORD-260502-70721,02.05.2026,193847562,Килт-полотенце для женщин,3,753,2259,cancelled,FBS
ORD-260502-36387,02.05.2026,184756392,Набор кремов для рук 5 шт,3,429,1287,delivered,FBS
ORD-260502-60560,02.05.2026,192837465,Подарочный набор полотенец,1,478,478,delivered,FBO
ORD-260502-93436,02.05.2026,209384756,Махровые полотенца 2 шт,1,536,536,delivered,FBS
ORD-260503-48711,03.05.2026,184756392,Набор кремов для рук 5 шт,1,429,429,delivered,FBS
ORD-260503-20955,03.05.2026,184920374,Ароматизатор в машину + полотенце,3,606,1818,delivered,FBO
ORD-260503-78514,03.05.2026,192837465,Подарочный набор полотенец,3,478,1434,delivered,FBO
ORD-260503-54842,03.05.2026,192837465,Подарочный набор полотенец,3,478,1434,delivered,FBO
ORD-260503-11553,03.05.2026,184756392,Набор кремов для рук 5 шт,1,429,429,delivered,FBS
ORD-260503-16632,03.05.2026,201938475,Полотенце банное микрофибра,2,670,1340,delivered,FBO
ORD-260503-40221,03.05.2026,209384756,Махровые полотенца 2 шт,2,536,1072,delivered,FBS
ORD-260503-61451,03.05.2026,184756392,Набор кремов для рук 5 шт,2,429,858,cancelled,FBS
ORD-260503-40029,03.05.2026,198273645,Набор полотенец вафельные 12 шт,3,1013,3039,delivered,FBO
ORD-260503-37713,03.05.2026,184756392,Набор кремов для рук 5 шт,3,429,1287,delivered,FBS
ORD-260503-34486,03.05.2026,184756392,Набор кремов для рук 5 шт,3,429,1287,delivered,FBS
ORD-260503-70919,03.05.2026,209384756,Махровые полотенца 2 шт,2,536,1072,delivered,FBS
ORD-260503-63067,03.05.2026,184920374,Ароматизатор в машину + полотенце,3,606,1818,delivered,FBO
ORD-260503-63771,03.05.2026,209384756,Махровые полотенца 2 шт,2,536,1072,delivered,FBS
ORD-260503-87709,03.05.2026,184920374,Ароматизатор в машину + полотенце,1,606,606,cancelled,FBO
ORD-260503-60009,03.05.2026,198273645,Набор полотенец вафельные 12 шт,1,1013,1013,delivered,FBO
ORD-260503-96683,03.05.2026,201938475,Полотенце банное микрофибра,2,670,1340,delivered,FBO
ORD-260503-48924,03.05.2026,184756392,Набор кремов для рук 5 шт,2,429,858,delivered,FBS
ORD-260503-32010,03.05.2026,193847562,Килт-полотенце для женщин,1,753,753,delivered,FBS
ORD-260503-47588,03.05.2026,193847562,Килт-полотенце для женщин,1,753,753,awaiting_packaging,FBS
ORD-260503-15636,03.05.2026,192837465,Подарочный набор полотенец,3,478,1434,delivered,FBO
ORD-260503-91285,03.05.2026,184756392,Набор кремов для рук 5 шт,1,429,429,delivered,FBS
ORD-260504-67739,04.05.2026,184920374,Ароматизатор в машину + полотенце,1,606,606,delivered,FBO
ORD-260504-29762,04.05.2026,192837465,Подарочный набор полотенец,1,478,478,delivered,FBO
ORD-260504-22310,04.05.2026,184920374,Ароматизатор в машину + полотенце,3,606,1818,delivered,FBO
ORD-260504-82251,04.05.2026,192837465,Подарочный набор полотенец,2,478,956,delivered,FBO
ORD-260504-51395,04.05.2026,193847562,Килт-полотенце для женщин,2,753,1506,delivered,FBS
ORD-260504-61849,04.05.2026,198273645,Набор полотенец вафельные 12 шт,1,1013,1013,delivered,FBO
ORD-260504-35914,04.05.2026,201938475,Полотенце банное микрофибра,3,670,2010,awaiting_packaging,FBO
ORD-260504-68243,04.05.2026,209384756,Махровые полотенца 2 шт,1,536,536,delivered,FBS
ORD-260504-48541,04.05.2026,209384756,Махровые полотенца 2 шт,3,536,1608,delivered,FBS
ORD-260504-26376,04.05.2026,184756392,Набор кремов для рук 5 шт,2,429,858,delivered,FBS
ORD-260504-44903,04.05.2026,201938475,Полотенце банное микрофибра,1,670,670,delivered,FBO
ORD-260504-24171,04.05.2026,192837465,Подарочный набор полотенец,1,478,478,delivered,FBO
ORD-260504-48807,04.05.2026,184920374,Ароматизатор в машину + полотенце,2,606,1212,delivered,FBO
ORD-260504-11174,04.05.2026,193847562,Килт-полотенце для женщин,1,753,753,delivered,FBS
ORD-260504-63045,04.05.2026,209384756,Махровые полотенца 2 шт,1,536,536,delivered,FBS
ORD-260504-86179,04.05.2026,201938475,Полотенце банное микрофибра,1,670,670,delivered,FBO
ORD-260505-24626,05.05.2026,184920374,Ароматизатор в машину + полотенце,1,606,606,delivered,FBO
ORD-260505-45565,05.05.2026,192837465,Подарочный набор полотенец,2,478,956,delivered,FBO
ORD-260505-20683,05.05.2026,209384756,Махровые полотенца 2 шт,3,536,1608,awaiting_packaging,FBS
ORD-260505-58653,05.05.2026,193847562,Килт-полотенце для женщин,3,753,2259,delivered,FBS
ORD-260505-15780,05.05.2026,209384756,Махровые полотенца 2 шт,1,536,536,delivered,FBS
ORD-260505-41748,05.05.2026,184756392,Набор кремов для рук 5 шт,2,429,858,delivered,FBS
ORD-260505-55723,05.05.2026,184756392,Набор кремов для рук 5 шт,1,429,429,delivered,FBS
ORD-260505-91676,05.05.2026,201938475,Полотенце банное микрофибра,3,670,2010,delivered,FBO
ORD-260505-72196,05.05.2026,209384756,Махровые полотенца 2 шт,2,536,1072,delivered,FBS
ORD-260505-80193,05.05.2026,184920374,Ароматизатор в машину + полотенце,1,606,606,delivered,FBO
ORD-260505-48443,05.05.2026,192837465,Подарочный набор полотенец,3,478,1434,delivered,FBO
ORD-260505-71620,05.05.2026,209384756,Махровые полотенца 2 шт,1,536,536,delivered,FBS
ORD-260505-48461,05.05.2026,198273645,Набор полотенец вафельные 12 шт,1,1013,1013,delivered,FBO
ORD-260505-53474,05.05.2026,193847562,Килт-полотенце для женщин,1,753,753,delivered,FBS
ORD-260505-62689,05.05.2026,193847562,Килт-полотенце для женщин,2,753,1506,delivered,FBS
ORD-260505-15957,05.05.2026,184920374,Ароматизатор в машину + полотенце,2,606,1212,delivered,FBO
ORD-260505-74926,05.05.2026,193847562,Килт-полотенце для женщин,3,753,2259,delivered,FBS
ORD-260505-94285,05.05.2026,192837465,Подарочный набор полотенец,2,478,956,delivered,FBO
ORD-260505-51234,05.05.2026,193847562,Килт-полотенце для женщин,2,753,1506,delivered,FBS
ORD-260505-99537,05.05.2026,192837465,Подарочный набор полотенец,3,478,1434,delivered,FBO
ORD-260505-59647,05.05.2026,184920374,Ароматизатор в машину + полотенце,3,606,1818,delivered,FBO
ORD-260505-84092,05.05.2026,201938475,Полотенце банное микрофибра,1,670,670,cancelled,FBO
ORD-260506-95664,06.05.2026,193847562,Килт-полотенце для женщин,3,753,2259,delivered,FBS
ORD-260506-66577,06.05.2026,193847562,Килт-полотенце для женщин,2,753,1506,cancelled,FBS
ORD-260506-33645,06.05.2026,193847562,Килт-полотенце для женщин,3,753,2259,cancelled,FBS
ORD-260506-62003,06.05.2026,184920374,Ароматизатор в машину + полотенце,3,606,1818,delivered,FBO
ORD-260506-57074,06.05.2026,184920374,Ароматизатор в машину + полотенце,3,606,1818,delivered,FBO
ORD-260506-42605,06.05.2026,198273645,Набор полотенец вафельные 12 шт,2,1013,2026,delivered,FBO
ORD-260506-78926,06.05.2026,198273645,Набор полотенец вафельные 12 шт,1,1013,1013,delivered,FBO
ORD-260506-85556,06.05.2026,184756392,Набор кремов для рук 5 шт,3,429,1287,delivered,FBS
ORD-260506-18845,06.05.2026,184756392,Набор кремов для рук 5 шт,3,429,1287,delivered,FBS
ORD-260506-50806,06.05.2026,193847562,Килт-полотенце для женщин,3,753,2259,delivered,FBS
ORD-260506-74282,06.05.2026,192837465,Подарочный набор полотенец,1,478,478,cancelled,FBO
ORD-260506-93516,06.05.2026,201938475,Полотенце банное микрофибра,1,670,670,delivered,FBO
ORD-260506-58170,06.05.2026,209384756,Махровые полотенца 2 шт,3,536,1608,delivered,FBS
ORD-260506-26058,06.05.2026,184756392,Набор кремов для рук 5 шт,1,429,429,delivered,FBS
ORD-260506-62045,06.05.2026,198273645,Набор полотенец вафельные 12 шт,1,1013,1013,delivered,FBO
ORD-260506-64774,06.05.2026,198273645,Набор полотенец вафельные 12 шт,2,1013,2026,cancelled,FBO
ORD-260506-87641,06.05.2026,184756392,Набор кремов для рук 5 шт,3,429,1287,delivered,FBS
ORD-260506-64453,06.05.2026,184756392,Набор кремов для рук 5 шт,2,429,858,delivered,FBS
ORD-260506-30684,06.05.2026,184756392,Набор кремов для рук 5 шт,2,429,858,delivered,FBS
ORD-260507-66005,07.05.2026,184756392,Набор кремов для рук 5 шт,1,429,429,delivered,FBS
ORD-260507-47897,07.05.2026,193847562,Килт-полотенце для женщин,1,753,753,delivered,FBS
ORD-260507-82211,07.05.2026,184920374,Ароматизатор в машину + полотенце,3,606,1818,delivered,FBO
ORD-260507-67823,07.05.2026,193847562,Килт-полотенце для женщин,2,753,1506,delivered,FBS
ORD-260507-36727,07.05.2026,184920374,Ароматизатор в машину + полотенце,3,606,1818,delivered,FBO
ORD-260507-30418,07.05.2026,209384756,Махровые полотенца 2 шт,1,536,536,delivered,FBS
ORD-260507-68975,07.05.2026,193847562,Килт-полотенце для женщин,1,753,753,delivered,FBS
ORD-260507-14388,07.05.2026,193847562,Килт-полотенце для женщин,2,753,1506,delivered,FBS
ORD-260508-40931,08.05.2026,209384756,Махровые полотенца 2 шт,1,536,536,awaiting_packaging,FBS
ORD-260508-44497,08.05.2026,198273645,Набор полотенец вафельные 12 шт,1,1013,1013,awaiting_packaging,FBO
ORD-260508-22704,08.05.2026,193847562,Килт-полотенце для женщин,2,753,1506,delivered,FBS
ORD-260508-11926,08.05.2026,209384756,Махровые полотенца 2 шт,2,536,1072,delivered,FBS
ORD-260508-62469,08.05.2026,184920374,Ароматизатор в машину + полотенце,3,606,1818,delivered,FBO
ORD-260508-24130,08.05.2026,184920374,Ароматизатор в машину + полотенце,1,606,606,delivered,FBO
ORD-260508-96186,08.05.2026,184756392,Набор кремов для рук 5 шт,1,429,429,delivered,FBS
ORD-260508-27255,08.05.2026,184756392,Набор кремов для рук 5 шт,2,429,858,awaiting_packaging,FBS
ORD-260508-22163,08.05.2026,201938475,Полотенце банное микрофибра,3,670,2010,cancelled,FBO
ORD-260508-39824,08.05.2026,193847562,Килт-полотенце для женщин,1,753,753,delivered,FBS
ORD-260508-83063,08.05.2026,184920374,Ароматизатор в машину + полотенце,2,606,1212,delivered,FBO
ORD-260508-13934,08.05.2026,184756392,Набор кремов для рук 5 шт,3,429,1287,delivered,FBS
ORD-260508-96174,08.05.2026,193847562,Килт-полотенце для женщин,1,753,753,cancelled,FBS
ORD-260508-78109,08.05.2026,198273645,Набор полотенец вафельные 12 шт,2,1013,2026,awaiting_packaging,FBO
ORD-260508-18387,08.05.2026,184756392,Набор кремов для рук 5 шт,3,429,1287,delivered,FBS
ORD-260508-11923,08.05.2026,192837465,Подарочный набор полотенец,2,478,956,cancelled,FBO
ORD-260508-21927,08.05.2026,193847562,Килт-полотенце для женщин,2,753,1506,delivered,FBS
ORD-260508-68950,08.05.2026,193847562,Килт-полотенце для женщин,3,753,2259,delivered,FBS
ORD-260508-27859,08.05.2026,184756392,Набор кремов для рук 5 шт,1,429,429,delivered,FBS
ORD-260508-56952,08.05.2026,193847562,Килт-полотенце для женщин,1,753,753,cancelled,FBS
ORD-260508-12387,08.05.2026,184920374,Ароматизатор в машину + полотенце,3,606,1818,delivered,FBO
ORD-260508-50468,08.05.2026,184920374,Ароматизатор в машину + полотенце,2,606,1212,delivered,FBO
ORD-260508-10382,08.05.2026,193847562,Килт-полотенце для женщин,2,753,1506,awaiting_packaging,FBS
ORD-260508-47736,08.05.2026,192837465,Подарочный набор полотенец,3,478,1434,delivered,FBO
ORD-260509-38224,09.05.2026,193847562,Килт-полотенце для женщин,2,753,1506,delivered,FBS
ORD-260509-27955,09.05.2026,192837465,Подарочный набор полотенец,3,478,1434,delivered,FBO
ORD-260509-84879,09.05.2026,192837465,Подарочный набор полотенец,3,478,1434,awaiting_packaging,FBO
ORD-260509-75477,09.05.2026,201938475,Полотенце банное микрофибра,3,670,2010,cancelled,FBO
ORD-260509-13719,09.05.2026,193847562,Килт-полотенце для женщин,1,753,753,delivered,FBS
ORD-260509-52848,09.05.2026,201938475,Полотенце банное микрофибра,1,670,670,delivered,FBO
ORD-260509-11308,09.05.2026,184920374,Ароматизатор в машину + полотенце,3,606,1818,delivered,FBO
ORD-260509-35481,09.05.2026,201938475,Полотенце банное микрофибра,3,670,2010,cancelled,FBO
ORD-260509-95716,09.05.2026,201938475,Полотенце банное микрофибра,2,670,1340,delivered,FBO
ORD-260509-15911,09.05.2026,198273645,Набор полотенец вафельные 12 шт,2,1013,2026,cancelled,FBO
ORD-260509-78676,09.05.2026,198273645,Набор полотенец вафельные 12 шт,2,1013,2026,delivered,FBO
ORD-260509-87160,09.05.2026,184920374,Ароматизатор в машину + полотенце,2,606,1212,delivered,FBO
ORD-260509-90056,09.05.2026,201938475,Полотенце банное микрофибра,3,670,2010,delivered,FBO
ORD-260510-17051,10.05.2026,209384756,Махровые полотенца 2 шт,2,536,1072,delivered,FBS
ORD-260510-65743,10.05.2026,184756392,Набор кремов для рук 5 шт,3,429,1287,delivered,FBS
ORD-260510-93908,10.05.2026,209384756,Махровые полотенца 2 шт,3,536,1608,delivered,FBS
ORD-260510-42579,10.05.2026,209384756,Махровые полотенца 2 шт,2,536,1072,delivered,FBS
ORD-260510-66901,10.05.2026,192837465,Подарочный набор полотенец,1,478,478,delivered,FBO
ORD-260510-42335,10.05.2026,184756392,Набор кремов для рук 5 шт,2,429,858,cancelled,FBS
ORD-260510-59292,10.05.2026,193847562,Килт-полотенце для женщин,3,753,2259,delivered,FBS
ORD-260510-33245,10.05.2026,184756392,Набор кремов для рук 5 шт,3,429,1287,delivered,FBS
ORD-260510-89352,10.05.2026,184756392,Набор кремов для рук 5 шт,3,429,1287,delivered,FBS
ORD-260510-42799,10.05.2026,209384756,Махровые полотенца 2 шт,2,536,1072,delivered,FBS
ORD-260510-15469,10.05.2026,184756392,Набор кремов для рук 5 шт,2,429,858,delivered,FBS
ORD-260510-36530,10.05.2026,184920374,Ароматизатор в машину + полотенце,1,606,606,cancelled,FBO
ORD-260510-32227,10.05.2026,192837465,Подарочный набор полотенец,1,478,478,delivered,FBO
ORD-260511-99131,11.05.2026,209384756,Махровые полотенца 2 шт,2,536,1072,delivered,FBS
ORD-260511-26450,11.05.2026,209384756,Махровые полотенца 2 шт,1,536,536,delivered,FBS
ORD-260511-32099,11.05.2026,184756392,Набор кремов для рук 5 шт,3,429,1287,delivered,FBS
ORD-260511-17618,11.05.2026,201938475,Полотенце банное микрофибра,1,670,670,delivered,FBO
ORD-260511-38621,11.05.2026,184920374,Ароматизатор в машину + полотенце,3,606,1818,cancelled,FBO
ORD-260511-52036,11.05.2026,184920374,Ароматизатор в машину + полотенце,3,606,1818,delivered,FBO
ORD-260511-11781,11.05.2026,184920374,Ароматизатор в машину + полотенце,2,606,1212,delivered,FBO
ORD-260511-72403,11.05.2026,198273645,Набор полотенец вафельные 12 шт,2,1013,2026,delivered,FBO
ORD-260511-25683,11.05.2026,193847562,Килт-полотенце для женщин,3,753,2259,delivered,FBS
ORD-260511-21595,11.05.2026,184920374,Ароматизатор в машину + полотенце,2,606,1212,delivered,FBO
ORD-260511-36050,11.05.2026,201938475,Полотенце банное микрофибра,1,670,670,delivered,FBO
ORD-260512-66872,12.05.2026,198273645,Набор полотенец вафельные 12 шт,2,1013,2026,delivered,FBO
ORD-260512-80389,12.05.2026,184756392,Набор кремов для рук 5 шт,3,429,1287,delivered,FBS
ORD-260512-53836,12.05.2026,198273645,Набор полотенец вафельные 12 шт,1,1013,1013,delivered,FBO
ORD-260512-41240,12.05.2026,198273645,Набор полотенец вафельные 12 шт,2,1013,2026,delivered,FBO
ORD-260512-20436,12.05.2026,198273645,Набор полотенец вафельные 12 шт,1,1013,1013,delivered,FBO
ORD-260512-48844,12.05.2026,198273645,Набор полотенец вафельные 12 шт,1,1013,1013,delivered,FBO
ORD-260512-39097,12.05.2026,193847562,Килт-полотенце для женщин,1,753,753,delivered,FBS
ORD-260512-52937,12.05.2026,184756392,Набор кремов для рук 5 шт,1,429,429,delivered,FBS
ORD-260512-14172,12.05.2026,184756392,Набор кремов для рук 5 шт,3,429,1287,delivered,FBS
ORD-260512-87490,12.05.2026,192837465,Подарочный набор полотенец,3,478,1434,awaiting_packaging,FBO
ORD-260512-39706,12.05.2026,209384756,Махровые полотенца 2 шт,3,536,1608,delivered,FBS
ORD-260512-20117,12.05.2026,193847562,Килт-полотенце для женщин,3,753,2259,delivered,FBS
ORD-260512-83243,12.05.2026,184756392,Набор кремов для рук 5 шт,2,429,858,delivered,FBS
ORD-260512-89523,12.05.2026,198273645,Набор полотенец вафельные 12 шт,2,1013,2026,delivered,FBO
ORD-260512-36674,12.05.2026,209384756,Махровые полотенца 2 шт,1,536,536,delivered,FBS
ORD-260512-35216,12.05.2026,184920374,Ароматизатор в машину + полотенце,2,606,1212,delivered,FBO
ORD-260512-39956,12.05.2026,193847562,Килт-полотенце для женщин,2,753,1506,delivered,FBS
ORD-260512-22542,12.05.2026,192837465,Подарочный набор полотенец,3,478,1434,delivered,FBO
ORD-260512-19525,12.05.2026,184756392,Набор кремов для рук 5 шт,3,429,1287,delivered,FBS
ORD-260513-46970,13.05.2026,184920374,Ароматизатор в машину + полотенце,3,606,1818,delivered,FBO
ORD-260513-14657,13.05.2026,184756392,Набор кремов для рук 5 шт,1,429,429,delivered,FBS
ORD-260513-37994,13.05.2026,201938475,Полотенце банное микрофибра,2,670,1340,cancelled,FBO
ORD-260513-44557,13.05.2026,193847562,Килт-полотенце для женщин,2,753,1506,delivered,FBS
ORD-260513-41917,13.05.2026,209384756,Махровые полотенца 2 шт,2,536,1072,delivered,FBS
ORD-260513-63775,13.05.2026,192837465,Подарочный набор полотенец,2,478,956,awaiting_packaging,FBO
ORD-260513-21052,13.05.2026,198273645,Набор полотенец вафельные 12 шт,3,1013,3039,delivered,FBO
ORD-260513-14488,13.05.2026,184756392,Набор кремов для рук 5 шт,1,429,429,delivered,FBS
ORD-260513-35195,13.05.2026,184756392,Набор кремов для рук 5 шт,2,429,858,delivered,FBS
ORD-260513-64095,13.05.2026,193847562,Килт-полотенце для женщин,3,753,2259,delivered,FBS
ORD-260513-82591,13.05.2026,184920374,Ароматизатор в машину + полотенце,1,606,606,delivered,FBO
ORD-260513-13502,13.05.2026,209384756,Махровые полотенца 2 шт,3,536,1608,delivered,FBS
ORD-260513-50482,13.05.2026,198273645,Набор полотенец вафельные 12 шт,3,1013,3039,delivered,FBO
ORD-260513-89479,13.05.2026,198273645,Набор полотенец вафельные 12 шт,3,1013,3039,cancelled,FBO
ORD-260513-44245,13.05.2026,184756392,Набор кремов для рук 5 шт,1,429,429,delivered,FBS
ORD-260513-54192,13.05.2026,209384756,Махровые полотенца 2 шт,2,536,1072,delivered,FBS
ORD-260513-55886,13.05.2026,193847562,Килт-полотенце для женщин,3,753,2259,delivered,FBS
ORD-260514-63883,14.05.2026,184756392,Набор кремов для рук 5 шт,3,429,1287,delivered,FBS
ORD-260514-38365,14.05.2026,209384756,Махровые полотенца 2 шт,3,536,1608,cancelled,FBS
ORD-260514-58004,14.05.2026,201938475,Полотенце банное микрофибра,3,670,2010,delivered,FBO
ORD-260514-69989,14.05.2026,193847562,Килт-полотенце для женщин,1,753,753,delivered,FBS
ORD-260514-66324,14.05.2026,209384756,Махровые полотенца 2 шт,2,536,1072,delivered,FBS
ORD-260514-50717,14.05.2026,193847562,Килт-полотенце для женщин,3,753,2259,delivered,FBS
ORD-260514-37694,14.05.2026,184756392,Набор кремов для рук 5 шт,2,429,858,delivered,FBS
ORD-260514-42832,14.05.2026,201938475,Полотенце банное микрофибра,1,670,670,cancelled,FBO
ORD-260514-29893,14.05.2026,193847562,Килт-полотенце для женщин,3,753,2259,delivered,FBS
ORD-260514-25126,14.05.2026,198273645,Набор полотенец вафельные 12 шт,2,1013,2026,delivered,FBO
ORD-260514-93007,14.05.2026,192837465,Подарочный набор полотенец,1,478,478,delivered,FBO
ORD-260514-65011,14.05.2026,184756392,Набор кремов для рук 5 шт,2,429,858,delivered,FBS
ORD-260514-59164,14.05.2026,184756392,Набор кремов для рук 5 шт,3,429,1287,delivered,FBS
ORD-260514-61413,14.05.2026,201938475,Полотенце банное микрофибра,2,670,1340,delivered,FBO
ORD-260514-52027,14.05.2026,184756392,Набор кремов для рук 5 шт,2,429,858,delivered,FBS
ORD-260514-56912,14.05.2026,201938475,Полотенце банное микрофибра,1,670,670,cancelled,FBO
ORD-260514-63011,14.05.2026,184756392,Набор кремов для рук 5 шт,2,429,858,delivered,FBS
ORD-260515-49919,15.05.2026,209384756,Махровые полотенца 2 шт,3,536,1608,delivered,FBS
ORD-260515-55675,15.05.2026,184756392,Набор кремов для рук 5 шт,1,429,429,delivered,FBS
ORD-260515-33541,15.05.2026,184756392,Набор кремов для рук 5 шт,3,429,1287,delivered,FBS
ORD-260515-20483,15.05.2026,209384756,Махровые полотенца 2 шт,1,536,536,delivered,FBS
ORD-260515-31591,15.05.2026,193847562,Килт-полотенце для женщин,1,753,753,awaiting_packaging,FBS
ORD-260515-69517,15.05.2026,198273645,Набор полотенец вафельные 12 шт,3,1013,3039,delivered,FBO
ORD-260515-11297,15.05.2026,201938475,Полотенце банное микрофибра,3,670,2010,delivered,FBO
ORD-260515-36039,15.05.2026,184756392,Набор кремов для рук 5 шт,1,429,429,delivered,FBS
ORD-260515-90358,15.05.2026,192837465,Подарочный набор полотенец,3,478,1434,delivered,FBO
ORD-260515-19981,15.05.2026,192837465,Подарочный набор полотенец,3,478,1434,delivered,FBO
ORD-260515-80216,15.05.2026,201938475,Полотенце банное микрофибра,3,670,2010,delivered,FBO
ORD-260515-52663,15.05.2026,184920374,Ароматизатор в машину + полотенце,3,606,1818,delivered,FBO
ORD-260515-85979,15.05.2026,209384756,Махровые полотенца 2 шт,2,536,1072,delivered,FBS
ORD-260515-64140,15.05.2026,192837465,Подарочный набор полотенец,1,478,478,cancelled,FBO
ORD-260515-18709,15.05.2026,201938475,Полотенце банное микрофибра,2,670,1340,delivered,FBO
ORD-260515-48040,15.05.2026,209384756,Махровые полотенца 2 шт,1,536,536,delivered,FBS
ORD-260515-16085,15.05.2026,201938475,Полотенце банное микрофибра,2,670,1340,delivered,FBO
ORD-260515-12493,15.05.2026,184920374,Ароматизатор в машину + полотенце,1,606,606,delivered,FBO
ORD-260515-10121,15.05.2026,209384756,Махровые полотенца 2 шт,1,536,536,cancelled,FBS
ORD-260515-24022,15.05.2026,201938475,Полотенце банное микрофибра,3,670,2010,delivered,FBO
ORD-260515-57584,15.05.2026,209384756,Махровые полотенца 2 шт,2,536,1072,delivered,FBS
ORD-260515-98232,15.05.2026,193847562,Килт-полотенце для женщин,3,753,2259,delivered,FBS
ORD-260515-92872,15.05.2026,209384756,Махровые полотенца 2 шт,2,536,1072,delivered,FBS
ORD-260515-98776,15.05.2026,209384756,Махровые полотенца 2 шт,3,536,1608,delivered,FBS
ORD-260515-18979,15.05.2026,193847562,Килт-полотенце для женщин,1,753,753,delivered,FBS
ORD-260516-65354,16.05.2026,193847562,Килт-полотенце для женщин,1,753,753,delivered,FBS
ORD-260516-27955,16.05.2026,201938475,Полотенце банное микрофибра,1,670,670,cancelled,FBO
ORD-260516-49750,16.05.2026,192837465,Подарочный набор полотенец,1,478,478,delivered,FBO
ORD-260516-53020,16.05.2026,192837465,Подарочный набор полотенец,1,478,478,delivered,FBO
ORD-260516-68062,16.05.2026,184920374,Ароматизатор в машину + полотенце,2,606,1212,delivered,FBO
ORD-260516-25315,16.05.2026,209384756,Махровые полотенца 2 шт,2,536,1072,delivered,FBS
ORD-260516-91858,16.05.2026,198273645,Набор полотенец вафельные 12 шт,2,1013,2026,delivered,FBO
ORD-260516-41262,16.05.2026,198273645,Набор полотенец вафельные 12 шт,1,1013,1013,delivered,FBO
ORD-260516-90690,16.05.2026,209384756,Махровые полотенца 2 шт,2,536,1072,delivered,FBS
ORD-260516-13648,16.05.2026,192837465,Подарочный набор полотенец,2,478,956,delivered,FBO
ORD-260516-58095,16.05.2026,192837465,Подарочный набор полотенец,3,478,1434,cancelled,FBO
ORD-260516-62029,16.05.2026,192837465,Подарочный набор полотенец,3,478,1434,delivered,FBO
ORD-260516-39380,16.05.2026,209384756,Махровые полотенца 2 шт,2,536,1072,cancelled,FBS
ORD-260517-91844,17.05.2026,209384756,Махровые полотенца 2 шт,3,536,1608,delivered,FBS
ORD-260517-76138,17.05.2026,184756392,Набор кремов для рук 5 шт,3,429,1287,cancelled,FBS
ORD-260517-65805,17.05.2026,184756392,Набор кремов для рук 5 шт,1,429,429,delivered,FBS
ORD-260517-80162,17.05.2026,193847562,Килт-полотенце для женщин,3,753,2259,delivered,FBS
ORD-260517-43477,17.05.2026,184756392,Набор кремов для рук 5 шт,2,429,858,delivered,FBS
ORD-260517-11552,17.05.2026,192837465,Подарочный набор полотенец,2,478,956,delivered,FBO
ORD-260517-15354,17.05.2026,184920374,Ароматизатор в машину + полотенце,1,606,606,delivered,FBO
ORD-260517-50150,17.05.2026,184756392,Набор кремов для рук 5 шт,1,429,429,delivered,FBS
ORD-260517-17189,17.05.2026,198273645,Набор полотенец вафельные 12 шт,1,1013,1013,delivered,FBO
ORD-260517-94027,17.05.2026,201938475,Полотенце банное микрофибра,3,670,2010,delivered,FBO
ORD-260517-45901,17.05.2026,209384756,Махровые полотенца 2 шт,3,536,1608,delivered,FBS
ORD-260517-69567,17.05.2026,192837465,Подарочный набор полотенец,3,478,1434,delivered,FBO
ORD-260517-14491,17.05.2026,198273645,Набор полотенец вафельные 12 шт,2,1013,2026,awaiting_packaging,FBO
ORD-260517-71614,17.05.2026,184920374,Ароматизатор в машину + полотенце,2,606,1212,delivered,FBO
ORD-260517-69563,17.05.2026,184920374,Ароматизатор в машину + полотенце,1,606,606,delivered,FBO
ORD-260517-67545,17.05.2026,184756392,Набор кремов для рук 5 шт,2,429,858,delivered,FBS
ORD-260517-83604,17.05.2026,193847562,Килт-полотенце для женщин,2,753,1506,delivered,FBS
ORD-260517-32414,17.05.2026,184920374,Ароматизатор в машину + полотенце,1,606,606,delivered,FBO
ORD-260517-92835,17.05.2026,201938475,Полотенце банное микрофибра,1,670,670,cancelled,FBO
ORD-260517-52963,17.05.2026,184756392,Набор кремов для рук 5 шт,3,429,1287,delivered,FBS
ORD-260517-92299,17.05.2026,193847562,Килт-полотенце для женщин,2,753,1506,delivered,FBS
ORD-260518-60406,18.05.2026,209384756,Махровые полотенца 2 шт,2,536,1072,cancelled,FBS
ORD-260518-33291,18.05.2026,209384756,Махровые полотенца 2 шт,3,536,1608,delivered,FBS
ORD-260518-98026,18.05.2026,198273645,Набор полотенец вафельные 12 шт,2,1013,2026,delivered,FBO
ORD-260518-88132,18.05.2026,201938475,Полотенце банное микрофибра,1,670,670,awaiting_packaging,FBO
ORD-260518-72682,18.05.2026,198273645,Набор полотенец вафельные 12 шт,2,1013,2026,delivered,FBO
ORD-260518-11755,18.05.2026,184756392,Набор кремов для рук 5 шт,2,429,858,delivered,FBS
ORD-260519-78817,19.05.2026,209384756,Махровые полотенца 2 шт,3,536,1608,delivered,FBS
ORD-260519-71759,19.05.2026,209384756,Махровые полотенца 2 шт,3,536,1608,delivered,FBS
ORD-260519-35563,19.05.2026,184756392,Набор кремов для рук 5 шт,1,429,429,delivered,FBS
ORD-260519-17907,19.05.2026,209384756,Махровые полотенца 2 шт,3,536,1608,delivered,FBS
ORD-260519-68439,19.05.2026,198273645,Набор полотенец вафельные 12 шт,1,1013,1013,delivered,FBO
ORD-260519-77563,19.05.2026,209384756,Махровые полотенца 2 шт,3,536,1608,delivered,FBS
ORD-260519-90166,19.05.2026,184756392,Набор кремов для рук 5 шт,3,429,1287,delivered,FBS
ORD-260519-11681,19.05.2026,209384756,Махровые полотенца 2 шт,1,536,536,delivered,FBS
ORD-260519-64962,19.05.2026,209384756,Махровые полотенца 2 шт,2,536,1072,awaiting_packaging,FBS
ORD-260519-85853,19.05.2026,192837465,Подарочный набор полотенец,3,478,1434,delivered,FBO
ORD-260519-71015,19.05.2026,184920374,Ароматизатор в машину + полотенце,1,606,606,delivered,FBO
ORD-260519-26338,19.05.2026,192837465,Подарочный набор полотенец,1,478,478,delivered,FBO
ORD-260519-16438,19.05.2026,198273645,Набор полотенец вафельные 12 шт,1,1013,1013,delivered,FBO
ORD-260519-53730,19.05.2026,184756392,Набор кремов для рук 5 шт,2,429,858,delivered,FBS
ORD-260519-59878,19.05.2026,184756392,Набор кремов для рук 5 шт,3,429,1287,delivered,FBS
ORD-260519-92098,19.05.2026,184756392,Набор кремов для рук 5 шт,1,429,429,delivered,FBS
ORD-260519-79784,19.05.2026,198273645,Набор полотенец вафельные 12 шт,2,1013,2026,awaiting_packaging,FBO
ORD-260520-63512,20.05.2026,193847562,Килт-полотенце для женщин,1,753,753,cancelled,FBS
ORD-260520-18177,20.05.2026,201938475,Полотенце банное микрофибра,1,670,670,awaiting_packaging,FBO
ORD-260520-49430,20.05.2026,193847562,Килт-полотенце для женщин,2,753,1506,delivered,FBS
ORD-260520-73388,20.05.2026,201938475,Полотенце банное микрофибра,2,670,1340,delivered,FBO
ORD-260520-65653,20.05.2026,184920374,Ароматизатор в машину + полотенце,1,606,606,cancelled,FBO
ORD-260520-76668,20.05.2026,209384756,Махровые полотенца 2 шт,2,536,1072,cancelled,FBS
ORD-260520-99640,20.05.2026,184920374,Ароматизатор в машину + полотенце,1,606,606,delivered,FBO
ORD-260520-94086,20.05.2026,198273645,Набор полотенец вафельные 12 шт,3,1013,3039,delivered,FBO
ORD-260520-95584,20.05.2026,193847562,Килт-полотенце для женщин,1,753,753,delivered,FBS
ORD-260520-15432,20.05.2026,201938475,Полотенце банное микрофибра,3,670,2010,delivered,FBO
ORD-260520-96394,20.05.2026,192837465,Подарочный набор полотенец,1,478,478,delivered,FBO
ORD-260520-93052,20.05.2026,184920374,Ароматизатор в машину + полотенце,2,606,1212,delivered,FBO
ORD-260520-99288,20.05.2026,184920374,Ароматизатор в машину + полотенце,1,606,606,delivered,FBO
ORD-260520-40426,20.05.2026,184756392,Набор кремов для рук 5 шт,1,429,429,delivered,FBS
ORD-260520-29321,20.05.2026,201938475,Полотенце банное микрофибра,1,670,670,delivered,FBO
ORD-260520-12197,20.05.2026,209384756,Махровые полотенца 2 шт,1,536,536,delivered,FBS
ORD-260520-15564,20.05.2026,201938475,Полотенце банное микрофибра,2,670,1340,delivered,FBO
ORD-260521-69540,21.05.2026,209384756,Махровые полотенца 2 шт,3,536,1608,delivered,FBS
ORD-260521-13738,21.05.2026,192837465,Подарочный набор полотенец,2,478,956,delivered,FBO
ORD-260521-79608,21.05.2026,184756392,Набор кремов для рук 5 шт,3,429,1287,delivered,FBS
ORD-260521-93963,21.05.2026,192837465,Подарочный набор полотенец,3,478,1434,delivered,FBO
ORD-260521-26358,21.05.2026,209384756,Махровые полотенца 2 шт,2,536,1072,delivered,FBS
ORD-260521-93392,21.05.2026,184756392,Набор кремов для рук 5 шт,3,429,1287,delivered,FBS
ORD-260521-97119,21.05.2026,201938475,Полотенце банное микрофибра,2,670,1340,delivered,FBO
ORD-260521-88462,21.05.2026,193847562,Килт-полотенце для женщин,3,753,2259,delivered,FBS
ORD-260522-11007,22.05.2026,198273645,Набор полотенец вафельные 12 шт,1,1013,1013,delivered,FBO
ORD-260522-79476,22.05.2026,192837465,Подарочный набор полотенец,2,478,956,delivered,FBO
ORD-260522-25465,22.05.2026,184920374,Ароматизатор в машину + полотенце,1,606,606,delivered,FBO
ORD-260522-94417,22.05.2026,198273645,Набор полотенец вафельные 12 шт,3,1013,3039,delivered,FBO
ORD-260522-15439,22.05.2026,192837465,Подарочный набор полотенец,2,478,956,delivered,FBO
ORD-260522-60368,22.05.2026,184756392,Набор кремов для рук 5 шт,2,429,858,delivered,FBS
ORD-260522-81712,22.05.2026,198273645,Набор полотенец вафельные 12 шт,3,1013,3039,delivered,FBO
ORD-260522-27281,22.05.2026,209384756,Махровые полотенца 2 шт,1,536,536,delivered,FBS
ORD-260522-50925,22.05.2026,198273645,Набор полотенец вафельные 12 шт,3,1013,3039,delivered,FBO
ORD-260523-55195,23.05.2026,198273645,Набор полотенец вафельные 12 шт,3,1013,3039,delivered,FBO
ORD-260523-92544,23.05.2026,198273645,Набор полотенец вафельные 12 шт,2,1013,2026,delivered,FBO
ORD-260523-65857,23.05.2026,193847562,Килт-полотенце для женщин,2,753,1506,delivered,FBS
ORD-260523-98034,23.05.2026,184920374,Ароматизатор в машину + полотенце,1,606,606,delivered,FBO
ORD-260523-65171,23.05.2026,201938475,Полотенце банное микрофибра,2,670,1340,delivered,FBO
ORD-260524-47489,24.05.2026,198273645,Набор полотенец вафельные 12 шт,1,1013,1013,delivered,FBO
ORD-260524-90492,24.05.2026,184920374,Ароматизатор в машину + полотенце,2,606,1212,delivered,FBO
ORD-260524-74509,24.05.2026,184756392,Набор кремов для рук 5 шт,1,429,429,cancelled,FBS
ORD-260524-65583,24.05.2026,184920374,Ароматизатор в машину + полотенце,1,606,606,delivered,FBO
ORD-260524-93357,24.05.2026,184756392,Набор кремов для рук 5 шт,2,429,858,cancelled,FBS
ORD-260524-99294,24.05.2026,184920374,Ароматизатор в машину + полотенце,2,606,1212,delivered,FBO
ORD-260524-75263,24.05.2026,192837465,Подарочный набор полотенец,3,478,1434,delivered,FBO
ORD-260524-91503,24.05.2026,193847562,Килт-полотенце для женщин,1,753,753,delivered,FBS
ORD-260524-52181,24.05.2026,184756392,Набор кремов для рук 5 шт,2,429,858,delivered,FBS
ORD-260524-34338,24.05.2026,192837465,Подарочный набор полотенец,1,478,478,delivered,FBO
ORD-260524-98372,24.05.2026,193847562,Килт-полотенце для женщин,2,753,1506,delivered,FBS
ORD-260524-85947,24.05.2026,193847562,Килт-полотенце для женщин,1,753,753,delivered,FBS
ORD-260524-86254,24.05.2026,198273645,Набор полотенец вафельные 12 шт,3,1013,3039,delivered,FBO
ORD-260524-60390,24.05.2026,209384756,Махровые полотенца 2 шт,1,536,536,cancelled,FBS
ORD-260524-55270,24.05.2026,184920374,Ароматизатор в машину + полотенце,1,606,606,delivered,FBO
ORD-260524-13333,24.05.2026,198273645,Набор полотенец вафельные 12 шт,2,1013,2026,delivered,FBO
ORD-260524-27258,24.05.2026,184756392,Набор кремов для рук 5 шт,2,429,858,delivered,FBS
ORD-260524-45334,24.05.2026,198273645,Набор полотенец вафельные 12 шт,1,1013,1013,delivered,FBO
ORD-260524-52327,24.05.2026,192837465,Подарочный набор полотенец,1,478,478,delivered,FBO
ORD-260524-89983,24.05.2026,198273645,Набор полотенец вафельные 12 шт,1,1013,1013,cancelled,FBO
ORD-260524-34805,24.05.2026,192837465,Подарочный набор полотенец,3,478,1434,delivered,FBO
ORD-260524-65816,24.05.2026,209384756,Махровые полотенца 2 шт,1,536,536,awaiting_packaging,FBS
ORD-260525-84010,25.05.2026,184920374,Ароматизатор в машину + полотенце,3,606,1818,delivered,FBO
ORD-260525-17689,25.05.2026,192837465,Подарочный набор полотенец,2,478,956,delivered,FBO
ORD-260525-66257,25.05.2026,209384756,Махровые полотенца 2 шт,3,536,1608,delivered,FBS
ORD-260525-80058,25.05.2026,209384756,Махровые полотенца 2 шт,3,536,1608,delivered,FBS
ORD-260525-70969,25.05.2026,184756392,Набор кремов для рук 5 шт,1,429,429,delivered,FBS
ORD-260525-37766,25.05.2026,184756392,Набор кремов для рук 5 шт,3,429,1287,delivered,FBS
ORD-260525-30065,25.05.2026,209384756,Махровые полотенца 2 шт,3,536,1608,delivered,FBS
ORD-260525-25122,25.05.2026,192837465,Подарочный набор полотенец,2,478,956,cancelled,FBO
ORD-260525-48477,25.05.2026,192837465,Подарочный набор полотенец,1,478,478,delivered,FBO
ORD-260525-99371,25.05.2026,198273645,Набор полотенец вафельные 12 шт,1,1013,1013,delivered,FBO
ORD-260525-48260,25.05.2026,184920374,Ароматизатор в машину + полотенце,2,606,1212,delivered,FBO
ORD-260525-69721,25.05.2026,184756392,Набор кремов для рук 5 шт,3,429,1287,cancelled,FBS
ORD-260525-52864,25.05.2026,192837465,Подарочный набор полотенец,3,478,1434,awaiting_packaging,FBO
ORD-260525-77926,25.05.2026,193847562,Килт-полотенце для женщин,2,753,1506,delivered,FBS
ORD-260525-53104,25.05.2026,209384756,Махровые полотенца 2 шт,1,536,536,delivered,FBS
ORD-260525-65287,25.05.2026,193847562,Килт-полотенце для женщин,1,753,753,delivered,FBS
ORD-260525-69576,25.05.2026,184756392,Набор кремов для рук 5 шт,1,429,429,delivered,FBS
ORD-260525-73441,25.05.2026,184920374,Ароматизатор в машину + полотенце,2,606,1212,delivered,FBO
ORD-260526-20529,26.05.2026,192837465,Подарочный набор полотенец,1,478,478,delivered,FBO
ORD-260526-79290,26.05.2026,192837465,Подарочный набор полотенец,1,478,478,delivered,FBO
ORD-260526-12471,26.05.2026,201938475,Полотенце банное микрофибра,1,670,670,delivered,FBO
ORD-260526-76139,26.05.2026,184756392,Набор кремов для рук 5 шт,3,429,1287,delivered,FBS
ORD-260526-37010,26.05.2026,184920374,Ароматизатор в машину + полотенце,3,606,1818,delivered,FBO
ORD-260526-93500,26.05.2026,184920374,Ароматизатор в машину + полотенце,1,606,606,delivered,FBO
ORD-260526-80869,26.05.2026,192837465,Подарочный набор полотенец,3,478,1434,delivered,FBO
ORD-260526-34705,26.05.2026,193847562,Килт-полотенце для женщин,3,753,2259,delivered,FBS
ORD-260526-36042,26.05.2026,192837465,Подарочный набор полотенец,1,478,478,delivered,FBO
ORD-260526-99721,26.05.2026,184756392,Набор кремов для рук 5 шт,2,429,858,delivered,FBS
ORD-260526-74222,26.05.2026,201938475,Полотенце банное микрофибра,1,670,670,delivered,FBO
ORD-260526-49830,26.05.2026,184756392,Набор кремов для рук 5 шт,3,429,1287,cancelled,FBS
ORD-260527-71048,27.05.2026,192837465,Подарочный набор полотенец,1,478,478,delivered,FBO
ORD-260527-73601,27.05.2026,209384756,Махровые полотенца 2 шт,2,536,1072,delivered,FBS
ORD-260527-56682,27.05.2026,184920374,Ароматизатор в машину + полотенце,3,606,1818,delivered,FBO
ORD-260527-23160,27.05.2026,193847562,Килт-полотенце для женщин,3,753,2259,delivered,FBS
ORD-260527-67910,27.05.2026,201938475,Полотенце банное микрофибра,3,670,2010,delivered,FBO
ORD-260527-74742,27.05.2026,184756392,Набор кремов для рук 5 шт,3,429,1287,cancelled,FBS
ORD-260527-42649,27.05.2026,184920374,Ароматизатор в машину + полотенце,1,606,606,delivered,FBO
ORD-260527-86740,27.05.2026,193847562,Килт-полотенце для женщин,1,753,753,delivered,FBS
ORD-260527-76892,27.05.2026,184920374,Ароматизатор в машину + полотенце,3,606,1818,delivered,FBO
ORD-260527-38409,27.05.2026,198273645,Набор полотенец вафельные 12 шт,3,1013,3039,delivered,FBO
ORD-260528-56592,28.05.2026,193847562,Килт-полотенце для женщин,2,753,1506,delivered,FBS
ORD-260528-73519,28.05.2026,209384756,Махровые полотенца 2 шт,3,536,1608,awaiting_packaging,FBS
ORD-260528-71165,28.05.2026,209384756,Махровые полотенца 2 шт,1,536,536,delivered,FBS
ORD-260528-92590,28.05.2026,209384756,Махровые полотенца 2 шт,3,536,1608,delivered,FBS
ORD-260528-75391,28.05.2026,209384756,Махровые полотенца 2 шт,1,536,536,delivered,FBS
ORD-260528-16321,28.05.2026,193847562,Килт-полотенце для женщин,3,753,2259,delivered,FBS
ORD-260528-98925,28.05.2026,192837465,Подарочный набор полотенец,3,478,1434,awaiting_packaging,FBO
ORD-260528-28959,28.05.2026,198273645,Набор полотенец вафельные 12 шт,3,1013,3039,delivered,FBO
ORD-260528-58468,28.05.2026,209384756,Махровые полотенца 2 шт,1,536,536,delivered,FBS
ORD-260528-98712,28.05.2026,209384756,Махровые полотенца 2 шт,1,536,536,delivered,FBS
ORD-260529-37471,29.05.2026,201938475,Полотенце банное микрофибра,1,670,670,awaiting_packaging,FBO
ORD-260529-30744,29.05.2026,209384756,Махровые полотенца 2 шт,1,536,536,delivered,FBS
ORD-260529-88281,29.05.2026,184756392,Набор кремов для рук 5 шт,1,429,429,delivered,FBS
ORD-260529-38799,29.05.2026,193847562,Килт-полотенце для женщин,2,753,1506,delivered,FBS
ORD-260529-41160,29.05.2026,184756392,Набор кремов для рук 5 шт,1,429,429,delivered,FBS
ORD-260529-94391,29.05.2026,193847562,Килт-полотенце для женщин,3,753,2259,delivered,FBS
ORD-260529-20564,29.05.2026,192837465,Подарочный набор полотенец,2,478,956,cancelled,FBO
ORD-260529-45891,29.05.2026,209384756,Махровые полотенца 2 шт,3,536,1608,delivered,FBS
ORD-260529-38365,29.05.2026,192837465,Подарочный набор полотенец,2,478,956,delivered,FBO
ORD-260529-41238,29.05.2026,192837465,Подарочный набор полотенец,3,478,1434,delivered,FBO
ORD-260529-41010,29.05.2026,192837465,Подарочный набор полотенец,2,478,956,delivered,FBO
ORD-260529-68664,29.05.2026,201938475,Полотенце банное микрофибра,3,670,2010,delivered,FBO
ORD-260529-10723,29.05.2026,198273645,Набор полотенец вафельные 12 шт,2,1013,2026,delivered,FBO
ORD-260529-14818,29.05.2026,198273645,Набор полотенец вафельные 12 шт,2,1013,2026,delivered,FBO
